Kỳ,Trường_Viện_Khoa,Mã_lớp,Mã_lớp_kèm,Mã_HP,Tên_HP,Khối_lượng,Ghi_chú,Buổi_số,Thứ,Thời_gian,BĐ,KT,Kíp,Tuần,Phòng
20251,TDDT,161085,161085,EE2012Q,Kỹ thuật điện,2(2-1-0-4),[SIE]-ME-GU-K68S,1,Thu,0920-1145,4,6,Sáng,"2-9, 11-19",D5-401
20251,TDDT,161086,161086,EE3058Q,Cảm biến đo lường và xử lý tín hiệu đo,3(3-1-0-6),[SIE]-ME-NUT-K67C,1,Wed,1410-1730,3,6,Chiều,"2-9, 11-19",D5-401
20251,TDDT,161087,161087,EE3280Q,Lý thuyết điều khiển tự động I,3(3-1-0-6),[SIE]-ET-LUH-K67C,1,Mon,1230-1550,1,4,Chiều,"2-9, 11-19",C7-111
20251,TDDT,161088,161088,EE3359Q,Lý thuyết điều khiển tự động,3(3-1-0-6),[SIE]-ME-LUH-K68S,1,Mon,0825-1145,3,6,Sáng,"2-9, 11-19",D7-302
20251,TDDT,161089,161089,EE3359Q,Lý thuyết điều khiển tự động,3(3-1-0-6),[SIE]-ME-NUT-K68S,1,Mon,0825-1145,3,6,Sáng,"2-9, 11-19",D7-404
20251,TDDT,161090,161090,EE4220Q,Điều khiển logic và PLC,2(2-0-1-4),[SIE]-ME-NUT các khoáC,1,Fri,1600-1730,5,6,Chiều,"2-9, 11-19",D7-205
20251,TDDT,161091,161091,EE4829Q,Điều khiển nối mạng,2(2-1-0-4),[SIE]-ME-LUH-K67C,1,Tue,1505-1730,4,6,Chiều,"2-9, 11-19",C7-113
20251,TDDT,161093,161093,ET2030Q,Ngôn ngữ lập trình,3(3-0-1-6),[SIE]-ET-LUH-K69C,1,Fri,1230-1455,1,3,Chiều,"2-9, 11-19",D7-306
20251,TDDT,161094,161094,ET2030Q,Ngôn ngữ lập trình,3(3-0-1-6),[SIE]-ET-LUH-K69C,1,Fri,1230-1455,1,3,Chiều,"2-9, 11-19",D7-307
20251,TDDT,161095,161095,ET2040Q,Cấu kiện điện tử,3(3-0-1-6),[SIE]-ET-LUH-K69C,1,Thu,1230-1455,1,3,Chiều,"2-9, 11-19",D7-404
20251,TDDT,161096,161096,ET2050Q,Lý thuyết mạch,3(3-0-1-6),[SIE]-ET-LUH-K69C,1,Fri,1505-1730,4,6,Chiều,"2-9, 11-19",D7-306
20251,TDDT,161097,161097,ET2050Q,Lý thuyết mạch,3(3-0-1-6),[SIE]-ET-LUH-K69C,1,Fri,1505-1730,4,6,Chiều,"2-9, 11-19",D7-307
20251,TDDT,161098,161098,ET2060Q,Tín hiệu và hệ thống,3(3-1-0-6),[SIE]-ET-LUH-K69C,1,Mon,1230-1550,1,4,Chiều,"2-9, 11-19",D7-306
20251,TDDT,161099,161099,ET2060Q,Tín hiệu và hệ thống,3(3-1-0-6),[SIE]-ET-LUH-K69C,1,Mon,1230-1550,1,4,Chiều,"2-9, 11-19",D7-307
20251,TDDT,161100,161100,ET2070Q,Cơ sở truyền tin,2(2-0-1-4),[SIE]-ET-LUH-K68S,1,Mon,1015-1145,5,6,Sáng,"2-9, 11-19",C7-113
20251,TDDT,161101,161101,ET3180Q,Thông tin vô tuyến,3(3-0-1-6),[SIE-Tiếng Đức]-ET-LUH-K67C,1,Thu,1230-1455,1,3,Chiều,"2-9, 11-19",D7-302
20251,TDDT,161102,161102,ET3220Q,Điện tử số,3(3-0-1-6),[SIE]-ET-LUH-K68S,1,Thu,0645-0910,1,3,Sáng,"2-9, 11-19",C7-113
20251,TDDT,161103,161103,ET3230Q,Điện tử tương tự I,3(3-0-1-6),[SIE-Blend]-ET-LUH-K68S,1,Thu,0920-1145,4,6,Sáng,"3,5,7,9,11,13,15,17,19",C7-113
20251,TDDT,161104,161104,ET3260Q,Kỹ thuật phần mềm ứng dụng,2(2-1-0-4),[SIE]-ET-LUH-K68S,1,Tue,0645-0910,1,3,Sáng,"2-9, 11-19",C7-113
20251,TDDT,161105,161105,ET3280Q,Anten và truyền sóng,2(2-1-0-4),[SIE]-ET-LUH-K68S,1,Tue,0920-1145,4,6,Sáng,"2-9, 11-19",C7-113
20251,TDDT,161106,161106,ET3310Q,Cơ sở điện tử viễn thông,3(3-1-0-6),[SIE-Tiếng Đức]-ET-LUH-K68S,1,Mon,0645-1005,1,4,Sáng,"2-9, 11-19",C7-113
20251,TDDT,161107,161107,ET3310Q,Cơ sở điện tử viễn thông,3(3-1-0-6),[SIE]-ET-LUH-K69C,1,Tue,1230-1550,1,4,Chiều,"2-9, 11-19",D7-404
20251,TDDT,161108,161108,ET4070Q,Cơ sở truyền số liệu,3(3-0-1-6),[SIE]-ET-LUH-K67C,1,Thu,1505-1730,4,6,Chiều,"2-9, 11-19",D7-302
20251,TDDT,161109,161109,ET4080Q,Mạng thông tin,3(3-0-1-6),[SIE]-ET-LUH-K67C,1,Tue,1230-1455,1,3,Chiều,"2-9, 11-19",C7-111
20251,TDDT,161110,161110,ET4250Q,Hệ thống viễn thông,3(3-1-0-6),[SIE]-ET-LUH-K67C,1,Wed,1230-1550,1,4,Chiều,"2-9, 11-19",C7-111
20251,KTTD,161168,161168,ET-LUH-K69C,Xác suất thống kê,3(2-2-0-6),[SIE]-ET-LUH-K69C,1,Wed,1230-1550,1,4,Chiều,"2-9, 11-19",D7-404
20251,VVLKT,161175,161175,ET-LUH-K69C,Vật lý điện tử,3(3-0-0-6),[SIE]-ET-LUH-K69C,1,Thu,1505-1730,4,6,Chiều,"2-9, 11-19",D7-404
20251,TTNNHT,161178,161178,ET-LUH-K69,Tiếng Đức 3 (A2),6(5-1.6-0-8),[SIE]-ET-LUH-K69 (Nhóm 1)S,1,Tue,0920-1145,4,6,Sáng,"2-9, 11-19",VDZ
20251,TTNNHT,161178,161178,ET-LUH-K69,Tiếng Đức 3 (A2),6(5-1.6-0-8),[SIE]-ET-LUH-K69 (Nhóm 1)S,2,Thu,0825-1145,3,6,Sáng,"2-9, 11-19",VDZ
20251,TTNNHT,161179,161179,ET-LUH-K69,Tiếng Đức 3 (A2),6(5-1.6-0-8),[SIE]-ET-LUH-K69 (Nhóm 2)S,1,Tue,0920-1145,4,6,Sáng,"2-9, 11-19",VDZ
20251,TTNNHT,161179,161179,ET-LUH-K69,Tiếng Đức 3 (A2),6(5-1.6-0-8),[SIE]-ET-LUH-K69 (Nhóm 2)S,2,Thu,0825-1145,3,6,Sáng,"2-9, 11-19",VDZ
20251,TTNNHT,161180,161180,ET-LUH-K69,Tiếng Đức 3 (A2),6(5-1.6-0-8),[SIE]-ET-LUH-K69 (Nhóm 3)S,1,Tue,0920-1145,4,6,Sáng,"2-9, 11-19",VDZ
20251,TTNNHT,161180,161180,ET-LUH-K69,Tiếng Đức 3 (A2),6(5-1.6-0-8),[SIE]-ET-LUH-K69 (Nhóm 3)S,2,Thu,0825-1145,3,6,Sáng,"2-9, 11-19",VDZ
20251,KNN,161183,161183,ET-LUH-K69,Tiếng Anh 3 (A2.1),3(2-2-0-6),[SIE]-ET-LUH-K69 (Nhóm 1)S,1,Mon,0825-1145,3,6,Sáng,"2-9, 11-19",D7-301
20251,KNN,161184,161184,ET-LUH-K69,Tiếng Anh 3 (A2.1),3(2-2-0-6),[SIE]-ET-LUH-K69 (Nhóm 2)S,1,Mon,0825-1145,3,6,Sáng,"2-9, 11-19",D7-306
20251,KNN,161185,161185,ET-LUH-K69,Tiếng Anh 3 (A2.1),3(2-2-0-6),[SIE]-ET-LUH-K69 (Nhóm 3)S,1,Mon,0825-1145,3,6,Sáng,"2-9, 11-19",D5-401
20251,TTNNHT,161198,161198,ET-LUH-K68,Tiếng Đức 5 (B1),6(5-1.6-0-8),[SIE]-ET-LUH-K68 (Nhóm 1)S,1,Wed,0920-1145,4,6,Sáng,"2-9, 11-19",VDZ
20251,TTNNHT,161198,161198,ET-LUH-K68,Tiếng Đức 5 (B1),6(5-1.6-0-8),[SIE]-ET-LUH-K68 (Nhóm 1)S,2,Fri,0825-1145,3,6,Sáng,"2-9, 11-19",VDZ
20251,TTNNHT,161199,161199,ET-LUH-K68,Tiếng Đức 5 (B1),6(5-1.6-0-8),[SIE]-ET-LUH-K68 (Nhóm 2)S,1,Wed,0920-1145,4,6,Sáng,"2-9, 11-19",VDZ
20251,TTNNHT,161199,161199,ET-LUH-K68,Tiếng Đức 5 (B1),6(5-1.6-0-8),[SIE]-ET-LUH-K68 (Nhóm 2)S,2,Fri,0825-1145,3,6,Sáng,"2-9, 11-19",VDZ
20251,KML,161208,161208,ET-LUH-K68,Tư tưởng Hồ Chí Minh,2(2-0-0-4),[SIE-Blend]-ET-LUH-K68+ME-LUH-K68S,1,Fri,0645-0815,1,2,Sáng,"3,5,7,9,11,13,15,17,19",D7-404
20251,TDDT,161211,161211,ET4260Q,Đa phương tiện,2(2-1-0-4),[SIE]-ET-LUH-K67C,1,Tue,1505-1730,4,6,Chiều,"2-9, 11-19",C7-111
20251,TDDT,161506,161506,EE4341,Kỹ thuật Robot,3(3-1-0-6),**Tài năng ĐKTĐH-K67S,1,Wed,0825-1145,3,6,Sáng,"2-9,11-19",C7-214
20251,TDDT,161507,161507,EE3426,Hệ thống cung cấp điện (BTL),3(3-1-0-6),**Tài năng ĐKTĐH-K67S,1,Thu,0645-0910,1,3,Sáng,"2-9,11-19",C7-214
20251,TDDT,161508,161508,EE4342,Hệ thống điều khiển thông minh,3(3-1-0-6),**Tài năng ĐKTĐH-K67S,1,Fri,0645-1005,1,4,Sáng,"2-9,11-19",C7-214
20251,TDDT,161509,161509,EE4346,Thị giác máy tính,2(2-1-0-4),**Tài năng ĐKTĐH-K67S,1,Thu,0920-1145,4,6,Sáng,"2-9,11-19",C7-214
20251,TDDT,161510,161510,EE4348,Kiến trúc và giao thức truyền thông trong IoT,3(2-2-0-6),**Tài năng ĐKTĐH-K67S,1,Wed,0645-0815,1,2,Sáng,"2-9,11-19",C7-214
20251,TDDT,161510,161510,EE4348,Kiến trúc và giao thức truyền thông trong IoT,3(2-2-0-6),**Tài năng ĐKTĐH-K67S,2,Fri,1015-1145,5,6,Sáng,"2-9,11-19",C7-214
20251,TDDT,161511,161511,ET3180,Thông tin vô tuyến,3(3-0-1-6),**Tài năng ĐTVT-K67S,1,Mon,0645-0910,1,3,Sáng,"2-9,11-19",C7-214
20251,TDDT,161512,161512,ET3310,Lý thuyết mật mã,3(3-0-1-6),**Tài năng ĐTVT-K67S,1,Mon,0920-1145,4,6,Sáng,"2-9,11-19",C7-214
20251,TDDT,161513,161513,ET4291,Hệ điều hành,3(3-1-0-6),**Tài năng ĐTVT-K67S,1,Tue,0825-1145,3,6,Sáng,"2-9,11-19",C7-214
20251,TDDT,161514,161514,ET4070,Cơ sở truyền số liệu,3(3-0-1-6),**Tài năng ĐTVT-K67S,1,Wed,0645-0910,1,3,Sáng,"2-9,11-19",C7-205
20251,TDDT,161515,161515,ET4250,Hệ thống viễn thông,3(3-1-0-6),**Tài năng ĐTVT-K67S,1,Thu,0825-1145,3,6,Sáng,"2-9,11-19",C7-107
20251,TDDT,161516,161516,ET4340,Thiết kế VLSI,3(3-1-0-6),**Tài năng ĐTVT-K67S,1,Fri,0825-1145,3,6,Sáng,"2-9,11-19",C7-205
20251,TDDT,161517,161517,ET4361,Hệ thống nhúng và thiết kế giao tiếp nhúng,3(2-1-1-6),**Tài năng ĐTVT-K67S,1,Wed,0920-1145,4,6,Sáng,"2-9,11-19",C7-205
20251,TDDT,161519,161519,EE4829,Điều khiển nối mạng,2(2-1-0-4),**Tài năng Cơ điện tử-K67S,1,Wed,0920-1145,4,6,Sáng,"2-9,11-19",C7-213
20251,TDDT,161525,161525,EE3110,Kỹ thuật đo lường,3(3-0-1-6),**Tài năng ĐKTĐH-K68C,1,Thu,1230-1455,1,3,Chiều,"2-9,11-19",C7-107
20251,TDDT,161526,161526,EE3140,Máy điện I,3(3-0-1-6),**Tài năng ĐKTĐH-K68C,1,Thu,1505-1730,4,6,Chiều,"2-9,11-19",C7-107
20251,TDDT,161527,161527,EE3410,Điện tử công suất,3(3-0-1-6),**Tài năng ĐKTĐH-K68C,1,Fri,1230-1455,1,3,Chiều,"2-9,11-19",C7-107
20251,TDDT,161528,161528,EE3480,Vi xử lý,3(3-0-1-6),**Tài năng ĐKTĐH-K68C,1,Tue,1505-1730,4,6,Chiều,"2-9,11-19",C7-107
20251,TDDT,161529,161529,EE3491,Kỹ thuật lập trình,2(2-1-0-4),**Tài năng ĐKTĐH-K68C,1,Fri,1505-1730,4,6,Chiều,"2-9,11-19",C7-107
20251,TDDT,161530,161530,EE2023,Technical Writing and Presentation,3(2-2-0-6),**Tài năng ĐKTĐH-K68C,1,Wed,1410-1730,3,6,Chiều,"2-9,11-19",C7-107
20251,TDDT,161531,161531,ET2072,Lý thuyết thông tin,2(2-0-1-4),**Tài năng ĐTVT-K68C,1,Mon,1230-1400,1,2,Chiều,"2-9,11-19",C7-107
20251,TDDT,161532,161532,ET3250,Thông tin số,3(3-0-1-6),**Tài năng ĐTVT-K68C,1,Tue,1505-1730,4,6,Chiều,"2-9,11-19",C7-205
20251,TDDT,161533,161533,ET3230,Điện tử tương tự I,3(3-0-1-6),**Tài năng ĐTVT-K68C,1,Tue,1230-1455,1,3,Chiều,"2-9,11-19",C7-205
20251,TDDT,161534,161534,ET3300,Kỹ thuật vi xử lý,3(3-0-1-6),**Tài năng ĐTVT-K68C,1,Fri,1230-1455,1,3,Chiều,"2-9,11-19",C7-205
20251,TDDT,161535,161535,ET3280,Anten và truyền sóng,2(2-0-1-4),**Tài năng ĐTVT-K68C,1,Wed,1230-1400,1,2,Chiều,"2-9,11-19",C7-205
20251,TDDT,161536,161536,ET4020,Xử lý tín hiệu số,3(3-0-1-6),**Tài năng ĐTVT-K68C,1,Fri,1505-1730,4,6,Chiều,"2-9,11-19",C7-205
20251,TDDT,161537,161537,ET2022,Technical Writing and Presentation,3(2-2-0-6),**Tài năng ĐTVT-K68C,1,Wed,1410-1730,3,6,Chiều,"2-9,11-19",C7-205
20251,TDDT,161543,161543,EE3359,Lý thuyết điều khiển tự động,3(3-1-0-6),**Tài năng Cơ điện tử-K68C,1,Mon,1410-1730,3,6,Chiều,"2-9,11-19",C7-119
20251,TDDT,161555,161555,EE2021,Lý thuyết mạch điện I,3(2-1-1-6),**Tài năng TĐH-K69S,1,Tue,0920-1145,4,6,Sáng,"2-9,11-19",C7-203
20251,TDDT,161556,161556,EE2000,Tín hiệu và hệ thống,3(3-0-1-6),**Tài năng TĐH-K69S,1,Tue,0645-0910,1,3,Sáng,"2-9,11-19",C7-203
20251,TDDT,161558,161558,EE2031,Trường điện từ,3(3-0-1-6),**Tài năng TĐH-K69S,1,Thu,0920-1145,4,6,Sáng,"2-9,11-19",C7-203
20251,TDDT,161560,161560,ET2040,Cấu kiện điện tử,3(3-0-1-6),**Tài năng Điện tử VT-K69S,1,Tue,0645-0910,1,3,Sáng,"2-9,11-19",C7-234
20251,TDDT,161561,161561,ET2060,Tín hiệu và hệ thống,3(3-1-0-6),**Tài năng Điện tử VT-K69S,1,Wed,0645-1005,1,4,Sáng,"2-9,11-19",C7-234
20251,TDDT,161562,161562,ET2100,Cấu trúc dữ liệu và giải thuật,2(2-1-0-4),**Tài năng Điện tử VT-K69S,1,Tue,0920-1145,4,6,Sáng,"2-9,11-19",C7-234
20251,TDDT,161566,161566,EE2012,Kỹ thuật điện,2(2-1-0-4),**Tài năng Cơ điện tử-K69S,1,Fri,0645-0910,1,3,Sáng,"2-9,11-19",C7-213
20251,TDDT,161577,161577,EE4604,Các hệ thống thời gian thực,2(2-0-0-4),**PFIEV-Tin học công nghiệp-K66C,1,Mon,1230-1400,1,2,Chiều,"2-9,11-19",C7-214
20251,TDDT,161578,161578,EE4605,Mô hình hoá các hệ thống rời rạc,2(2-1-0-4),**PFIEV-Tin học công nghiệp-K66C,1,Wed,1505-1730,4,6,Chiều,"2-9,11-19",C7-105
20251,TDDT,161579,161579,EE4607,Robot công nghiệp,3(3-0-0-6),**PFIEV-Tin học công nghiệp-K66C,1,Tue,1505-1730,4,6,Chiều,"2-9,11-19",C7-105
20251,TDDT,161580,161580,EE4608,Đo và điều khiển công nghiệp,3(3-0-1-4),**PFIEV-Tin học công nghiệp-K66C,1,Wed,1230-1455,1,3,Chiều,"2-9,11-19",C7-105
20251,TDDT,161581,161581,EE4616,Cảm biến và đo lường thông minh,3(3-1-0-6),**PFIEV-Tin học công nghiệp-K66C,1,Mon,1410-1730,3,6,Chiều,"2-9,11-19",C7-214
20251,TDDT,161582,161582,EE4611,An ninh và quản trị mạng,3(3-0-0-6),**PFIEV-Tin học công nghiệp-K66C,1,Tue,1230-1455,1,3,Chiều,"2-9,11-19",C7-105
20251,TDDT,161588,161588,EE3676,Thiết bị đo điện tử,3(3-1-0-6),**PFIEV-Tin học công nghiệp-K67S,1,Mon,0645-1005,1,4,Sáng,"2-9,11-19",C7-105
20251,TDDT,161589,161589,EE3649,Cơ sở điện tử công suất,3(3-0-1-6),**PFIEV-Tin học công nghiệp-K67S,1,Fri,0920-1145,4,6,Sáng,"2-9,11-19",C7-119
20251,TDDT,161590,161590,EE4226,Điều khiển logic và PLC,3(3-1-0-6),**PFIEV-Tin học công nghiệp-K67S,1,Mon,1015-1145,5,6,Sáng,"2-9,11-19",C7-105
20251,TDDT,161590,161590,EE4226,Điều khiển logic và PLC,3(3-1-0-6),**PFIEV-Tin học công nghiệp-K67S,2,Wed,1015-1145,5,6,Sáng,"2-9,11-19",C7-105
20251,TDDT,161592,161592,EE3196,Máy điện ,3(2-1-1-4),**PFIEV-Tin học công nghiệp-K67C,1,Wed,1230-1455,1,3,Chiều,"2-9,11-19",C7-125
20251,TDDT,161594,161594,EE2130,Thiết kế hệ thống số,3(3-0-1-6),**PFIEV-Tin học công nghiệp-K68C,1,Tue,1230-1455,1,3,Chiều,"2-9,11-19",C7-213
20251,TDDT,161595,161595,EE3110,Kỹ thuật đo lường,3(3-0-1-6),**PFIEV-Tin học công nghiệp-K68C,1,Tue,1505-1730,4,6,Chiều,"2-9,11-19",C7-213
20251,TDDT,161596,161596,EE3480,Vi xử lý,3(3-0-1-6),**PFIEV-Tin học công nghiệp-K68C,1,Thu,1505-1730,4,6,Chiều,"2-9,11-19",C7-213
20251,TDDT,161597,161597,EE4220,Điều khiển logic và PLC,3(3-0-1-6),**PFIEV-Tin học công nghiệp-K68C,1,Thu,1230-1455,1,3,Chiều,"2-9,11-19",C7-213
20251,TDDT,161614,161614,EE3618,Biến đổi tín hiệu và ứng dụng,3(3-1-0-6),**PFIEV-Tin học công nghiệp-K69S,1,Thu,0730-1455,2,3,Sáng,"2-9,11-19",C7-212
20251,TDDT,161614,161614,EE3618,Biến đổi tín hiệu và ứng dụng,3(3-1-0-6),**PFIEV-Tin học công nghiệp-K69S,2,Fri,1015-1145,5,6,Sáng,"2-9,11-19",C7-212
20251,TDDT,161615,161615,EE3617,Mạch và năng lượng điện,3(2-1-1-4),**PFIEV-Tin học công nghiệp-K69S,1,Tue,0920-1145,4,6,Sáng,"2-9,11-19",C7-212
20251,TDDT,161651,161651,ET4080E,Cơ sở kỹ thuật mạng,3(3-1-0-6),**CTTT-ĐTVT-K67C,1,Tue,1230-1550,1,4,Chiều,"2-9,11-19",C7-203
20251,TDDT,161652,161652,ET4240E,Truyền thông vô tuyến,3(3-1-0-6),**CTTT-ĐTVT-K67C,1,Thu,1410-1730,3,6,Chiều,"2-9,11-19",C7-212
20251,TDDT,161653,161653,ET5080E,Thiết kế số sử dụng VHDL,3(3-1-0-6),**CTTT-ĐTVT-K67C,1,Tue,1600-1730,5,6,Chiều,"2-9,11-19",C7-203
20251,TDDT,161653,161653,ET5080E,Thiết kế số sử dụng VHDL,3(3-1-0-6),**CTTT-ĐTVT-K67C,2,Thu,1230-1400,1,2,Chiều,"2-9,11-19",C7-212
20251,TDDT,161655,161655,ET4750E,Kỹ thuật lập trình nội dung số,2(2-1-0-4),**CTTT-Đa phương tiện-K67C,1,Tue,1505-1730,4,6,Chiều,"2-9,11-19",C7-128
20251,TDDT,161656,161656,ET4362E,Hệ thống nhúng đa phương tiện,3(2-1-1-4),**CTTT-Đa phương tiện-K67C,1,Wed,1505-1730,4,6,Chiều,"2-9,11-19",C7-213
20251,TDDT,161658,161658,ET4250E,Hệ thống viễn thông,3(3-1-0-6),**CTTT-Đa phương tiện-K67C,1,Mon,1230-1550,1,4,Chiều,"2-9,11-19",C7-230
20251,TDDT,161659,161659,ET4500E,Xử lý ảnh y tế,3(3-0-1-6),**CTTT-KT y sinh-K67C,1,Tue,1505-1730,4,6,Chiều,"2-9,11-19",C7-117
20251,TDDT,161660,161660,ET4550E,An toàn bức xạ và an toàn điện trong y tế,2(2-1-0-4),**CTTT-KT y sinh-K67C,1,Tue,1230-1455,1,3,Chiều,"2-9,11-19",C7-117
20251,TDDT,161661,161661,ET4235E,IoT trong y tế,3(3-1-0-6),**CTTT-KT y sinh-K67C,1,Mon,1410-1730,3,6,Chiều,"2-9,11-19",C7-117
20251,TDDT,161662,161662,ET4596E,Tin sinh học,3(3-1-0-6),**CTTT-KT y sinh-K67C,1,Thu,1230-1550,1,4,Chiều,"2-9,11-19",C7-108
20251,TDDT,161663,161663,ET4265E,Kỹ thuật thần kinh,3(3-1-0-6),**CTTT-KT y sinh-K67C,1,Mon,1230-1400,1,2,Chiều,"2-9,11-19",C7-117
20251,TDDT,161663,161663,ET4265E,Kỹ thuật thần kinh,3(3-1-0-6),**CTTT-KT y sinh-K67C,2,Thu,1600-1730,5,6,Chiều,"2-9,11-19",C7-108
20251,TDDT,161664,161664,EE3550E,Điều khiển quá trình,3(3-1-0-6),**CTTT-ĐK&TĐH-K67C,1,Fri,1230-1550,1,4,Chiều,"2-9,11-19",C7-128
20251,TDDT,161665,161665,EE3423E,Nhập môn hệ thống điện,3(3-1-0-6),**CTTT-ĐK&TĐH-K67C,1,Mon,1410-1730,3,6,Chiều,"2-9,11-19",C7-238
20251,TDDT,161666,161666,EE4221E,Điều khiển logic và PLC,3(3-0-1-6),**CTTT-ĐK&TĐH-K67C,1,Thu,1230-1455,1,3,Chiều,"2-9,11-19",C7-238
20251,TDDT,161667,161667,EE4435E,Hệ thống điều khiển số,3(3-1-0-6),**CTTT-ĐK&TĐH-K67C,1,Mon,1230-1400,1,2,Chiều,"2-9,11-19",C7-238
20251,TDDT,161667,161667,EE4435E,Hệ thống điều khiển số,3(3-1-0-6),**CTTT-ĐK&TĐH-K67C,2,Thu,1505-1645,4,5,Chiều,"2-9,11-19",C7-238
20251,TDDT,161668,161668,EE4430E,Mô hình hóa và mô phỏng hệ thống điều khiển,3(3-0-0-6),**CTTT-ĐK&TĐH-K67C,1,Tue,1230-1455,1,3,Chiều,"2-9,11-19",C7-234
20251,TDDT,161669,161669,EE4430E,Mô hình hóa và mô phỏng hệ thống điều khiển,3(3-0-0-6),**CTTT-ĐK&TĐH-K67C,1,Tue,1505-1730,4,6,Chiều,"2-9,11-19",C7-238
20251,TDDT,161670,161670,EE3601E,Hệ thống đo và điều khiển công nghiệp,3(3-0-1-6),**CTTT-ĐK&TĐH-K67C,1,Tue,1505-1730,4,6,Chiều,"2-9,11-19",C7-234
20251,TDDT,161671,161671,EE3601E,Hệ thống đo và điều khiển công nghiệp,3(3-0-1-6),**CTTT-ĐK&TĐH-K67C,1,Tue,1230-1455,1,3,Chiều,"2-9,11-19",C7-238
20251,TDDT,161672,161672,EE4401E,Thiết kế hệ điều khiển nhúng (BTL),3(2-2-0-6),**CTTT-ĐK&TĐH-K67C,1,Wed,1230-1455,1,3,Chiều,"2-9,11-19",C7-228
20251,TDDT,161673,161673,EE4401E,Thiết kế hệ điều khiển nhúng (BTL),3(2-2-0-6),**CTTT-ĐK&TĐH-K67C,1,Wed,1505-1730,4,6,Chiều,"2-9,11-19",C7-230
20251,TDDT,161674,161674,EE3510E,Truyền động điện,3(3-0-1-6),**CTTT-ĐK&TĐH-K67C,1,Wed,1505-1730,4,6,Chiều,"2-9,11-19",C7-228
20251,TDDT,161675,161675,EE3510E,Truyền động điện,3(3-0-1-6),**CTTT-ĐK&TĐH-K67C,1,Wed,1230-1455,1,3,Chiều,"2-9,11-19",C7-230
20251,TDDT,161676,161676,EE4040E,Bảo vệ và điều khiển hệ thống điện,3(3-1-1-6),**CTTT-HTĐ & NL tái tạo-K67C,1,Thu,1410-1730,3,6,Chiều,"2-9,11-19",D8-103
20251,TDDT,161677,161677,EE4032E,Nhà máy điện và trạm biến áp,3(3-1-0-6),**CTTT-HTĐ & NL tái tạo-K67C,1,Tue,1230-1550,1,4,Chiều,"2-9,11-19",D8-103
20251,TDDT,161678,161678,EE4052E,Kỹ thuật điện cao áp,3(3-1-0-6),**CTTT-HTĐ & NL tái tạo-K67C,1,Wed,1410-1730,3,6,Chiều,"2-9,11-19",C7-130
20251,TDDT,161679,161679,EE4116E,Tự động hóa hệ thống điện,3(3-1-0-6),**CTTT-HTĐ & NL tái tạo-K67C,1,Wed,1230-1400,1,2,Chiều,"2-9,11-19",C7-130
20251,TDDT,161679,161679,EE4116E,Tự động hóa hệ thống điện,3(3-1-0-6),**CTTT-HTĐ & NL tái tạo-K67C,2,Fri,1505-1645,4,5,Chiều,"2-9,11-19",C7-130
20251,TDDT,161680,161680,EE4600E,Hiệu quả năng lượng,2(2-1-0-4),**CTTT-HTĐ & NL tái tạo-K67C,1,Fri,1230-1455,1,3,Chiều,"2-9,11-19",C7-130
20251,TDDT,161681,161681,EE4010E,Phân tích Hệ thống điện,3(3-1-1-6),**CTTT-HTĐ & NL tái tạo-K67C,1,Tue,1600-1730,5,6,Chiều,"2-9,11-19",D8-103
20251,TDDT,161681,161681,EE4010E,Phân tích Hệ thống điện,3(3-1-1-6),**CTTT-HTĐ & NL tái tạo-K67C,2,Thu,1230-1400,1,2,Chiều,"2-9,11-19",D8-103
20251,TDDT,161730,161730,ET4340,Thiết kế VLSI,3(3-1-0-6),**CTTT-HT nhúng & IoT -K67S,1,Wed,0825-1145,3,6,Sáng,"2-9,11-19",C7-238
20251,TDDT,161731,161731,ET4231,Mạng máy tính và IoT,3(3-0-1-6),**CTTT-HT nhúng & IoT -K67C,1,Wed,1505-1730,4,6,Chiều,"2-9,11-19",C7-128
20251,TDDT,161739,161739,EE3359E,Lý thuyết điều khiển tự động,3(3-1-0-6),**CTTT-Cơ điện tử-K68S,1,Fri,0645-1005,1,4,Sáng,"2-9,11-19",D8-402
20251,TDDT,161740,161740,EE3359E,Lý thuyết điều khiển tự động,3(3-1-0-6),**CTTT-Cơ điện tử-K68S,1,Wed,1015-1145,5,6,Sáng,"2-9,11-19",D8-402
20251,TDDT,161740,161740,EE3359E,Lý thuyết điều khiển tự động,3(3-1-0-6),**CTTT-Cơ điện tử-K68S,2,Fri,1015-1145,5,6,Sáng,"2-9,11-19",D8-402
20251,TDDT,161741,161741,EE3359E,Lý thuyết điều khiển tự động,3(3-1-0-6),**CTTT-Cơ điện tử-K68S,1,Wed,0645-1005,1,4,Sáng,"2-9,11-19",D8-402
20251,TDDT,161749,161749,ET2012E,Kỹ thuật điện tử,2(2-0-1-4),**CTTT-Cơ điện tử-K68S,1,Thu,1015-1145,5,6,Sáng,"2-9,11-19",D8-402
20251,TDDT,161763,161763,EE2110E,Thiết kế điện tử,3(3-0-1-6),**CTTT-KT ôtô-K68S,1,Mon,0645-0910,1,3,Sáng,"2-9,11-19",D8-306
20251,TDDT,161766,161766,EE3490E,Kỹ thuật lập trình,3(2-2-0-6),**CTTT-KT ôtô-K68S,1,Tue,1015-1145,5,6,Sáng,"2-9,11-19",D8-306
20251,TDDT,161766,161766,EE3490E,Kỹ thuật lập trình,3(2-2-0-6),**CTTT-KT ôtô-K68S,2,Wed,1015-1145,5,6,Sáng,"2-9,11-19",D8-306
20251,TDDT,161767,161767,EE3280E,Lý thuyết điều khiển tự động I,3(3-1-0-6),**CTTT-KT ôtô-K68S,1,Fri,0645-1005,1,4,Sáng,"2-9,11-19",D8-307
20251,TDDT,161769,161769,EE3280E,Lý thuyết điều khiển tự động I,3(3-1-0-6),**CTTT-KT ôtô-K68C,1,Wed,1410-1730,3,6,Chiều,"2-9,11-19",D8-307
20251,TDDT,161770,161770,ET3250E,Cơ sở hệ thống truyền thông,3(3-1-0-6),**CTTT-KT ôtô-K68C,1,Wed,1230-1400,1,2,Chiều,"2-9,11-19",D8-402
20251,TDDT,161770,161770,ET3250E,Cơ sở hệ thống truyền thông,3(3-1-0-6),**CTTT-KT ôtô-K68C,2,Thu,1505-1645,4,5,Chiều,"2-9,11-19",D8-402
20251,TDDT,161772,161772,EE3020E,Mạch tuyến tính II,3(3-1-0-6),"**CTTT-ĐK&TĐH, HTĐ&NL tái tạo-K68C",1,Fri,1410-1730,3,6,Chiều,"2-9,11-19",C7-238
20251,TDDT,161773,161773,EE3020E,Mạch tuyến tính II,3(3-1-0-6),"**CTTT-ĐK&TĐH, HTĐ&NL tái tạo-K68C",1,Mon,1230-1550,1,4,Chiều,"2-9,11-19",D8-402
20251,TDDT,161774,161774,EE3410E,Điện tử công suất,3(3-0-1-6),"**CTTT-ĐK&TĐH, HTĐ&NL tái tạo-K68S",1,Tue,0645-0910,1,3,Sáng,"2-9,11-19",C7-236
20251,TDDT,161775,161775,EE3410E,Điện tử công suất,3(3-0-1-6),"**CTTT-ĐK&TĐH, HTĐ&NL tái tạo-K68S",1,Tue,0920-1145,4,6,Sáng,"2-9,11-19",C7-238
20251,TDDT,161776,161776,EE2130E,Thiết kế hệ thống số,3(3-0-1-6),"**CTTT-ĐK&TĐH, HTĐ&NL tái tạo-K68S",1,Tue,0920-1145,4,6,Sáng,"2-9,11-19",C7-236
20251,TDDT,161777,161777,EE2130E,Thiết kế hệ thống số,3(3-0-1-6),"**CTTT-ĐK&TĐH, HTĐ&NL tái tạo-K68S",1,Tue,0645-0910,1,3,Sáng,"2-9,11-19",C7-238
20251,TDDT,161778,161778,EE2130E,Thiết kế hệ thống số,3(3-0-1-6),"**CTTT-ĐK&TĐH, HTĐ&NL tái tạo-K68C",1,Wed,1230-1455,1,3,Chiều,"2-9,11-19",C7-238
20251,TDDT,161779,161779,EE3140E,Máy điện,3(3-0-1-6),"**CTTT-ĐK&TĐH, HTĐ&NL tái tạo-K68S",1,Thu,0645-0910,1,3,Sáng,"2-9,11-19",C7-236
20251,TDDT,161780,161780,EE3140E,Máy điện,3(3-0-1-6),"**CTTT-ĐK&TĐH, HTĐ&NL tái tạo-K68S",1,Thu,0920-1145,4,6,Sáng,"2-9,11-19",C7-238
20251,TDDT,161781,161781,EE3140E,Máy điện,3(3-0-1-6),"**CTTT-ĐK&TĐH, HTĐ&NL tái tạo-K68C",1,Tue,1505-1730,4,6,Chiều,"2-9,11-19",C7-230
20251,TDDT,161782,161782,EE3110E,Kỹ thuật đo lường,3(3-0-1-6),"**CTTT-ĐK&TĐH, HTĐ&NL tái tạo-K68S",1,Thu,0920-1145,4,6,Sáng,"2-9,11-19",C7-236
20251,TDDT,161783,161783,EE3110E,Kỹ thuật đo lường,3(3-0-1-6),"**CTTT-ĐK&TĐH, HTĐ&NL tái tạo-K68S",1,Thu,0645-0910,1,3,Sáng,"2-9,11-19",C7-238
20251,TDDT,161784,161784,EE3110E,Kỹ thuật đo lường,3(3-0-1-6),"**CTTT-ĐK&TĐH, HTĐ&NL tái tạo-K68C",1,Wed,1505-1730,4,6,Chiều,"2-9,11-19",C7-238
20251,TDDT,161785,161785,EE3288E,Lý thuyết điều khiển tuyến tính,3(3-1-0-6),**CTTT-ĐK&TĐH (nhóm 1)-K68S,1,Mon,0645-1005,1,4,Sáng,"2-9,11-19",C7-236
20251,TDDT,161786,161786,EE3288E,Lý thuyết điều khiển tuyến tính,3(3-1-0-6),**CTTT-ĐK&TĐH (nhóm 2)-K68S,1,Mon,1015-1145,5,6,Sáng,"2-9,11-19",C7-238
20251,TDDT,161786,161786,EE3288E,Lý thuyết điều khiển tuyến tính,3(3-1-0-6),**CTTT-ĐK&TĐH (nhóm 2)-K68S,2,Wed,1015-1145,5,6,Sáng,"2-9,11-19",D8-405
20251,TDDT,161787,161787,EE3490E,Kỹ thuật lập trình,3(2-2-0-6),**CTTT-ĐK&TĐH (nhóm 1)-K68S,1,Mon,1015-1145,5,6,Sáng,"2-9,11-19",C7-236
20251,TDDT,161787,161787,EE3490E,Kỹ thuật lập trình,3(2-2-0-6),**CTTT-ĐK&TĐH (nhóm 1)-K68S,2,Wed,1015-1145,5,6,Sáng,"2-9,11-19",D8-403
20251,TDDT,161788,161788,EE3490E,Kỹ thuật lập trình,3(2-2-0-6),**CTTT-ĐK&TĐH (nhóm 2)-K68S,1,Wed,0645-1005,1,4,Sáng,"2-9,11-19",D8-405
20251,TDDT,161789,161789,EE3423E,Nhập môn hệ thống điện,3(3-1-0-6),**CTTT-ĐK&TĐH (nhóm 1)-K68S,1,Wed,0645-1005,1,4,Sáng,"2-9,11-19",D8-403
20251,TDDT,161790,161790,EE3423E,Nhập môn hệ thống điện,3(3-1-0-6),**CTTT-ĐK&TĐH (nhóm 2)-K68S,1,Mon,0645-1005,1,4,Sáng,"2-9,11-19",C7-238
20251,TDDT,161791,161791,EE2110E,Thiết kế điện tử,3(3-0-1-6),**CTTT-ĐK&TĐH (nhóm 1)-K68S,1,Fri,0645-0910,1,3,Sáng,"2-9,11-19",D8-302
20251,TDDT,161792,161792,EE2110E,Thiết kế điện tử,3(3-0-1-6),**CTTT-ĐK&TĐH (nhóm 2)-K68S,1,Fri,0920-1145,4,6,Sáng,"2-9,11-19",D8-306
20251,TDDT,161793,161793,EE3480E,Vi xử lý và kiến trúc máy tính,3(3-0-1-6),**CTTT-ĐK&TĐH (nhóm 1)-K68S,1,Fri,0920-1145,4,6,Sáng,"2-9,11-19",D8-302
20251,TDDT,161794,161794,EE3480E,Vi xử lý và kiến trúc máy tính,3(3-0-1-6),**CTTT-ĐK&TĐH (nhóm 2)-K68S,1,Fri,0645-0910,1,3,Sáng,"2-9,11-19",D8-306
20251,TDDT,161795,161795,EE3288E,Lý thuyết điều khiển tuyến tính,3(3-1-0-6),**CTTT-HTĐ&NL tái tạo-K68S,1,Wed,0645-1005,1,4,Sáng,"2-9,11-19",D8-304
20251,TDDT,161796,161796,EE3600E,Hệ thống truyền thông công nghiệp,3(3-0-1-6),**CTTT-HTĐ&NL tái tạo-K68S,1,Fri,0920-1145,4,6,Sáng,"2-9,11-19",D8-304
20251,TDDT,161797,161797,EE3101E,Các nguồn năng lượng tái tạo,3(3-1-0-6),**CTTT-HTĐ&NL tái tạo-K68S,1,Wed,1015-1145,5,6,Sáng,"2-9,11-19",D8-304
20251,TDDT,161797,161797,EE3101E,Các nguồn năng lượng tái tạo,3(3-1-0-6),**CTTT-HTĐ&NL tái tạo-K68S,2,Fri,0730-1455,2,3,Sáng,"2-9,11-19",D8-304
20251,TDDT,161823,161823,ET3210E,Trường điện từ,3(3-0-1-6),**CTTT-Điện tử-K68S,1,Mon,0645-0910,1,3,Sáng,"2-9,11-19",C7-103
20251,TDDT,161824,161824,ET3260E,Kỹ thuật phần mềm ứng dụng,2(2-1-0-4),**CTTT-Điện tử-K68S,1,Mon,0920-1145,4,6,Sáng,"2-9,11-19",C7-103
20251,TDDT,161825,161825,ET3280E,Anten - truyền sóng,3(3-1-0-6),**CTTT-Điện tử-K68S,1,Wed,0645-1005,1,4,Sáng,"2-9,11-19",C7-103
20251,TDDT,161826,161826,ET2080E,Cơ sở kỹ thuật đo lường,2(2-0-1-4),**CTTT-Điện tử-K68S,1,Wed,1015-1145,5,6,Sáng,"2-9,11-19",C7-119
20251,TDDT,161827,161827,ET3250E,Cơ sở hệ thống truyền thông,3(3-1-0-6),**CTTT-Điện tử-K68S,1,Tue,0645-1005,1,4,Sáng,"2-9,11-19",C7-103
20251,TDDT,161828,161828,ET3220E,Thiết kế hệ thống số I,4(3-1-1-8),**CTTT-Điện tử-K68S,1,Tue,1015-1145,5,6,Sáng,"2-9,11-19",C7-103
20251,TDDT,161828,161828,ET3220E,Thiết kế hệ thống số I,4(3-1-1-8),**CTTT-Điện tử-K68S,2,Thu,1015-1145,5,6,Sáng,"2-9,11-19",C7-103
20251,TDDT,161829,161829,ET3230E,Điện tử tương tự I,4(3-1-1-8),**CTTT-Điện tử-K68S,1,Thu,0645-1005,1,4,Sáng,"2-9,11-19",C7-103
20251,TDDT,161830,161830,ET2105E,Cấu trúc dữ liệu và giải thuật,2(2-1-0-4),**CTTT-Điện tử-K68S,1,Fri,0920-1145,4,6,Sáng,"2-9,11-19",C7-103
20251,TDDT,161831,161831,ET3310E,Lý thuyết mật mã,3(3-0-1-6),**CTTT-Điện tử-K68S,1,Fri,0645-0910,1,3,Sáng,"2-9,11-19",C7-119
20251,TDDT,161832,161832,ET2022,Technical Writing and Presentation,3(2-2-0-6),**CTTT-Điện tử-K68C,1,Wed,1230-1550,1,4,Chiều,"2-9,11-19",D8-303
20251,TDDT,161833,161833,ET2022,Technical Writing and Presentation,3(2-2-0-6),**CTTT-Điện tử-K68C,1,Wed,1600-1730,5,6,Chiều,"2-9,11-19",D8-303
20251,TDDT,161833,161833,ET2022,Technical Writing and Presentation,3(2-2-0-6),**CTTT-Điện tử-K68C,2,Fri,1230-1400,1,2,Chiều,"2-9,11-19",D8-303
20251,TDDT,161834,161834,ET2022,Technical Writing and Presentation,3(2-2-0-6),**CTTT-Điện tử-K68C,1,Fri,1410-1730,3,6,Chiều,"2-9,11-19",D8-303
20251,TDDT,161835,161835,ET4230E,Mạng máy tính,3(3-0-1-6),"**CTTT-Đa phương tiện,Y sinh-K68S",1,Mon,0920-1145,4,6,Sáng,"2-9,11-19",C7-119
20251,TDDT,161836,161836,ET3302E,Kỹ thuật vi xử lý,3(3-1-0-6),"**CTTT-Đa phương tiện,Y sinh-K68S",1,Tue,0645-1005,1,4,Sáng,"2-9,11-19",D8-306
20251,TDDT,161837,161837,ET4591E,Xử lý ảnh số,2(2-1-0-4),**CTTT-Đa phương tiện-K68S,1,Wed,0645-0910,1,3,Sáng,"2-9,11-19",D8-406
20251,TDDT,161839,161839,ET4720E,Xử lý tín hiệu âm thanh,2(2-1-0-4),**CTTT-Đa phương tiện-K68S,1,Thu,0645-0910,1,3,Sáng,"2-9,11-19",D8-403
20251,TDDT,161841,161841,ET4291E,Hệ điều hành,3(2-1-1-6),**CTTT-Đa phương tiện-K68S,1,Thu,0920-1145,4,6,Sáng,"2-9,11-19",D8-403
20251,TDDT,161842,161842,ET4041E,Kiến trúc máy tính,2(2-0-1-4),**CTTT-Đa phương tiện-K68S,1,Fri,1015-1145,5,6,Sáng,"2-9,11-19",D8-403
20251,TDDT,161843,161843,ET3046E,Cơ sinh,3(2-1-1-6),**CTTT-Y sinh-K68S,1,Fri,0645-0910,1,3,Sáng,"2-9,11-19",D8-303
20251,TDDT,161844,161844,ET3231E,Điện tử tương tự,3(3-0-1-6),**CTTT-Y sinh-K68S,1,Fri,0920-1145,4,6,Sáng,"2-9,11-19",D8-303
20251,TDDT,161845,161845,ET4100E,Cơ sở điện sinh học,2(2-0-1-4),**CTTT-Y sinh-K68S,1,Tue,1015-1145,5,6,Sáng,"2-9,11-19",D8-307
20251,TDDT,161846,161846,ET2022,Technical Writing and Presentation,3(2-2-0-6),**CTTT-Y sinh-K68S,1,Mon,0730-1455,2,3,Sáng,"2-9,11-19",C7-119
20251,TDDT,161846,161846,ET2022,Technical Writing and Presentation,3(2-2-0-6),**CTTT-Y sinh-K68S,2,Thu,1015-1145,5,6,Sáng,"2-9,11-19",C7-213
20251,TDDT,161847,161847,ET3231,Điện tử tương tự,3(3-0-1-6),**CTTT-HT nhúng & IoT -K68C,1,Wed,1230-1455,1,3,Chiều,"2-9,11-19",D8-302
20251,TDDT,161848,161848,ET3300,Kỹ thuật vi xử lý,3(3-0-1-6),**CTTT-HT nhúng & IoT -K68C,1,Thu,1505-1730,4,6,Chiều,"2-9,11-19",D8-302
20251,TDDT,161849,161849,ET4321,Nguyên lý siêu cao tần,3(3-0-1-6),**CTTT-HT nhúng & IoT -K68C,1,Wed,1505-1730,4,6,Chiều,"2-9,11-19",D8-302
20251,TDDT,161850,161850,ET4245,Trí tuệ nhân tạo và ứng dụng,3(3-1-0-6),**CTTT-HT nhúng & IoT -K68C,1,Mon,1410-1730,3,6,Chiều,"2-9,11-19",D8-302
20251,TDDT,161851,161851,ET2072,Lý thuyết thông tin,2(2-0-1-4),**CTTT-HT nhúng & IoT -K68C,1,Mon,1230-1400,1,2,Chiều,"2-9,11-19",D8-302
20251,TDDT,161915,161915,EE2012E,Kỹ thuật điện,2(2-1-0-4),**CTTT Cơ điện tử-K69C,1,Wed,1505-1730,4,6,Chiều,"2-9,11-19",C7-103
20251,TDDT,161916,161916,EE2012E,Kỹ thuật điện,2(2-1-0-4),**CTTT Cơ điện tử-K69C,1,Wed,1230-1455,1,3,Chiều,"2-9,11-19",C7-103
20251,TDDT,161917,161917,ET2012E,Kỹ thuật điện tử,2(2-0-1-4),**CTTT Cơ điện tử-K69S,1,Wed,1015-1145,5,6,Sáng,"2-9,11-19",C7-103
20251,TDDT,161931,161931,EE3706,Mạch tuyến tính 1,3(3-1-0-6),**CTTT ĐK&TĐH 01-K69C,1,Thu,1410-1730,3,6,Chiều,"2-9,11-19",C7-128
20251,TDDT,161932,161932,EE3706,Mạch tuyến tính 1,3(3-1-0-6),**(Blend)-CTTT ĐK&TĐH 02-K69C,1,Wed,1230-1455,1,3,Chiều,"2-9,11-19",D8-403
20251,TDDT,161933,161933,EE3706,Mạch tuyến tính 1,3(3-1-0-6),**(Blend)-CTTT ĐK&TĐH 03-K69C,1,Wed,1505-1730,4,6,Chiều,"2-9,11-19",D8-405
20251,TDDT,161934,161934,EE2001E,Tín hiệu và hệ thống,3(3-0-1-6),**CTTT ĐK&TĐH-K69C,1,Wed,1505-1730,4,6,Chiều,"2-9,11-19",D8-403
20251,TDDT,161935,161935,EE2001E,Tín hiệu và hệ thống,3(3-0-1-6),**CTTT ĐK&TĐH-K69C,1,Wed,1230-1455,1,3,Chiều,"2-9,11-19",D8-405
20251,TDDT,161936,161936,EE3030E,Nguyên lý trường điện từ,3(3-0-1-6),**(Blend)-CTTT ĐK&TĐH-K69C,1,Fri,1230-1400,1,2,Chiều,"2-9,11-19",D8-403
20251,TDDT,161937,161937,EE3030E,Nguyên lý trường điện từ,3(3-0-1-6),**(Blend)-CTTT ĐK&TĐH-K69C,1,Fri,1410-1550,3,4,Chiều,"2-9,11-19",D8-403
20251,TDDT,161938,161938,EE2023,Technical Writing and Presentation,3(2-2-0-6),**CTTT ĐK&TĐH-K69C,1,Tue,1230-1400,1,2,Chiều,"2-9,11-19",D8-401
20251,TDDT,161938,161938,EE2023,Technical Writing and Presentation,3(2-2-0-6),**CTTT ĐK&TĐH-K69C,2,Fri,1600-1730,5,6,Chiều,"2-9,11-19",D8-403
20251,TDDT,161939,161939,EE2023,Technical Writing and Presentation,3(2-2-0-6),**CTTT ĐK&TĐH-K69C,1,Tue,1410-1730,3,6,Chiều,"2-9,11-19",D8-401
20251,TDDT,161944,161944,EE2001E,Tín hiệu và hệ thống,3(3-0-1-6),**CTTT Hệ thống điện-K69C,1,Thu,1230-1455,1,3,Chiều,"2-9,11-19",C7-103
20251,TDDT,161945,161945,EE3706,Mạch tuyến tính 1,3(3-1-0-6),**CTTT Hệ thống điện-K69C,1,Wed,1230-1550,1,4,Chiều,"2-9,11-19",D3-402
20251,TDDT,161946,161946,EE2110E,Thiết kế điện tử,3(3-0-1-6),**CTTT Hệ thống điện-K69C,1,Thu,1505-1730,4,6,Chiều,"2-9,11-19",C7-103
20251,TDDT,161947,161947,EE3490E,Kỹ thuật lập trình,3(2-2-0-6),**CTTT Hệ thống điện-K69C,1,Wed,1600-1730,5,6,Chiều,"2-9,11-19",D3-402
20251,TDDT,161947,161947,EE3490E,Kỹ thuật lập trình,3(2-2-0-6),**CTTT Hệ thống điện-K69C,2,Fri,1230-1400,1,2,Chiều,"2-9,11-19",C7-234
20251,TDDT,161957,161957,ET2060E,Tín hiệu và hệ thống,3(3-1-0-6),"**CTTT ĐTVT, Y sinh-K69C",1,Mon,1410-1730,3,6,Chiều,"2-9,11-19",D8-406
20251,TDDT,161958,161958,ET2060E,Tín hiệu và hệ thống,3(3-1-0-6),"**CTTT ĐTVT, Y sinh-K69C",1,Wed,1410-1730,3,6,Chiều,"2-9,11-19",D8-408
20251,TDDT,161959,161959,ET2072E,Lý thuyết thông tin,2(2-0-1-4),"**CTTT ĐTVT, Đa phương tiện-K69C",1,Fri,1230-1400,1,2,Chiều,"2-9,11-19",D8-405
20251,TDDT,161960,161960,ET2072E,Lý thuyết thông tin,2(2-0-1-4),"**CTTT ĐTVT, Đa phương tiện-K69C",1,Fri,1410-1550,3,4,Chiều,"2-9,11-19",D8-405
20251,TDDT,161961,161961,ET2050E,Lý thuyết mạch,3(3-0-1-6),**CTTT ĐTVT-K69C,1,Tue,1230-1455,1,3,Chiều,"2-9,11-19",D8-405
20251,TDDT,161962,161962,ET2050E,Lý thuyết mạch,3(3-0-1-6),**CTTT ĐTVT-K69C,1,Tue,1505-1730,4,6,Chiều,"2-9,11-19",D8-406
20251,TDDT,161963,161963,ET2105E,Cấu trúc dữ liệu và giải thuật,2(2-1-0-4),**CTTT ĐTVT-K69C,1,Tue,1505-1730,4,6,Chiều,"2-9,11-19",D8-405
20251,TDDT,161964,161964,ET2105E,Cấu trúc dữ liệu và giải thuật,2(2-1-0-4),**CTTT ĐTVT-K69C,1,Tue,1230-1455,1,3,Chiều,"2-9,11-19",D8-406
20251,TDDT,161965,161965,ET2040E,Linh kiện điện tử bán dẫn,3(3-1-0-6),**CTTT ĐTVT-K69C,1,Mon,1230-1400,1,2,Chiều,"2-9,11-19",D8-406
20251,TDDT,161965,161965,ET2040E,Linh kiện điện tử bán dẫn,3(3-1-0-6),**CTTT ĐTVT-K69C,2,Wed,1230-1400,1,2,Chiều,"2-9,11-19",D8-408
20251,TDDT,161970,161970,ET3221E,Điện tử số,3(3-0-1-6),**CTTT Đa phương tiện 01-K69C,1,Mon,1230-1455,1,3,Chiều,"2-9,11-19",D3-403
20251,TDDT,161971,161971,ET3221E,Điện tử số,3(3-0-1-6),**CTTT Đa phương tiện 02-K69C,1,Mon,1505-1730,4,6,Chiều,"2-9,11-19",D3-403
20251,TDDT,161972,161972,ET2050E,Lý thuyết mạch,3(3-0-1-6),**CTTT Đa phương tiện 01-K69C,1,Wed,1230-1455,1,3,Chiều,"2-9,11-19",D3-403
20251,TDDT,161973,161973,ET2050E,Lý thuyết mạch,3(3-0-1-6),**CTTT Đa phương tiện 02-K69C,1,Wed,1505-1730,4,6,Chiều,"2-9,11-19",D3-404
20251,TDDT,161974,161974,ET4020E,Xử lý số tín hiệu,3(3-0-1-6),**CTTT Đa phương tiện 01-K69C,1,Wed,1505-1730,4,6,Chiều,"2-9,11-19",D3-403
20251,TDDT,161975,161975,ET4020E,Xử lý số tín hiệu,3(3-0-1-6),**CTTT Đa phương tiện 02-K69C,1,Wed,1230-1455,1,3,Chiều,"2-9,11-19",D3-404
20251,TDDT,161976,161976,ET2101E,Cấu trúc dữ liệu và giải thuật,2(2-1-0-4),**CTTT Đa phương tiện-K69C,1,Thu,1505-1730,4,6,Chiều,"2-9,11-19",D3-403
20251,TDDT,161978,161978,ET2022,Technical Writing and Presentation,3(2-2-0-6),**CTTT Đa phương tiện-K69C,1,Tue,1410-1730,3,6,Chiều,"2-9,11-19",D3-403
20251,TDDT,161980,161980,ET2030E,Ngôn ngữ lập trình,3(3-1-0-6),**CTTT Y sinh-K69C,1,Tue,1410-1730,3,6,Chiều,"2-9,11-19",D3-404
20251,TDDT,161981,161981,ET2050E,Lý thuyết mạch,3(3-0-1-6),**CTTT Y sinh-K69C,1,Thu,1230-1455,1,3,Chiều,"2-9,11-19",D3-404
20251,TDDT,162001,162001,EE2018,Kỹ thuật điện,3(3-0-1-6),**CTTT Thực phẩm-K69S,1,Thu,0645-0910,1,3,Sáng,"2-9,11-19",D3-403
20251,TDDT,162074,162074,ET2042,Linh kiện điện tử,2(2-0-1-4),**CTTT Hệ thống nhúng & IoT-K69C,1,Thu,1410-1550,3,4,Chiều,"2-9,11-19",C7-230
20251,TDDT,162075,162075,ET2042,Linh kiện điện tử,2(2-0-1-4),**CTTT Hệ thống nhúng & IoT-K69C,1,Thu,1600-1730,5,6,Chiều,"2-9,11-19",C7-230
20251,TDDT,162347,162347,EE2012,Kỹ thuật điện,2(2-1-0-4),Cơ điện tử-K69S,1,Wed,0645-0910,1,3,Sáng,"2-9,11-19",D4-304
20251,TDDT,162395,162395,EE2012,Kỹ thuật điện,2(2-1-0-4),Cơ khí-K69S,1,Tue,0920-1145,4,6,Sáng,"2-9,11-19",D4-104
20251,TDDT,162396,162396,EE2012,Kỹ thuật điện,2(2-1-0-4),Cơ khí-K69S,1,Tue,0645-0910,1,3,Sáng,"2-9,11-19",D4-304
20251,TDDT,162397,162397,EE2012,Kỹ thuật điện,2(2-1-0-4),Cơ khí-K69S,1,Thu,0645-0910,1,3,Sáng,"2-9,11-19",D8-506
20251,TDDT,162398,162398,EE2012,Kỹ thuật điện,2(2-1-0-4),Cơ khí-K69S,1,Thu,0920-1145,4,6,Sáng,"2-9,11-19",D8-506
20251,TDDT,162403,162403,EE3359,Lý thuyết điều khiển tự động,3(3-1-0-6),Cơ điện tử-K68C,1,Tue,1230-1550,1,4,Chiều,"2-9,11-19",D8-502
20251,TDDT,162404,162404,EE3359,Lý thuyết điều khiển tự động,3(3-1-0-6),Cơ điện tử-K68C,1,Tue,1600-1730,5,6,Chiều,"2-9,11-19",D8-502
20251,TDDT,162404,162404,EE3359,Lý thuyết điều khiển tự động,3(3-1-0-6),Cơ điện tử-K68C,2,Fri,1230-1400,1,2,Chiều,"2-9,11-19",D8-502
20251,TDDT,162405,162405,EE3359,Lý thuyết điều khiển tự động,3(3-1-0-6),Cơ điện tử-K68C,1,Fri,1410-1730,3,6,Chiều,"2-9,11-19",D8-502
20251,TDDT,162406,162406,EE3359,Lý thuyết điều khiển tự động,3(3-1-0-6),Cơ điện tử-K68S,1,Thu,0645-1005,1,4,Sáng,"2-9,11-19",TC-208
20251,TDDT,162425,162425,ET2012,Kỹ thuật điện tử,2(2-0-1-4),Cơ điện tử-K68C,1,Tue,1410-1550,3,4,Chiều,"2-9,11-19",D8-503
20251,TDDT,162426,162426,ET2012,Kỹ thuật điện tử,2(2-0-1-4),Cơ điện tử-K68C,1,Tue,1600-1730,5,6,Chiều,"2-9,11-19",D8-503
20251,TDDT,162442,162442,ET2012,Kỹ thuật điện tử,2(2-0-1-4),KT cơ khí -K68C,1,Tue,1410-1550,3,4,Chiều,"2-9,11-19",TC-207
20251,TDDT,162443,162443,ET2012,Kỹ thuật điện tử,2(2-0-1-4),KT cơ khí -K68C,1,Tue,1600-1730,5,6,Chiều,"2-9,11-19",TC-207
20251,TDDT,162444,162444,ET2012,Kỹ thuật điện tử,2(2-0-1-4),KT cơ khí -K68C,1,Thu,1230-1400,1,2,Chiều,"2-9,11-19",TC-207
20251,TDDT,162445,162445,ET2012,Kỹ thuật điện tử,2(2-0-1-4),KT cơ khí -K68C,1,Thu,1410-1550,3,4,Chiều,"2-9,11-19",TC-207
20251,TDDT,162446,162446,ET2012,Kỹ thuật điện tử,2(2-0-1-4),KT cơ khí -K68C,1,Thu,1600-1730,5,6,Chiều,"2-9,11-19",TC-207
20251,TDDT,162510,162510,EE4829,Điều khiển nối mạng,2(2-1-0-4),Cơ điện tử - MĐ 4-K67S,1,Fri,0920-1145,4,6,Sáng,"2-9,11-19",TC-209
20251,TDDT,162559,162559,EE6868,Động cơ điện và điều khiển,3(3-0-1-6),KSCS - Cơ điện tử-C,1,Thu,1505-1730,4,6,Chiều,"2-9,11-19",D4-104
20251,TDDT,162565,162565,EE4342,Hệ thống điều khiển thông minh,3(3-1-0-6),"KSCS - Cơ điện tử - MĐ 3,4-C",1,Tue,1410-1730,3,6,Chiều,"2-9,11-19",D4-206
20251,TDDT,162617,162617,EE2012,Kỹ thuật điện,2(2-1-0-4),KT ôtô - CKĐL - Hàng không-K69S,1,Fri,0645-0910,1,3,Sáng,"2-9,11-19",TC-307
20251,TDDT,162618,162618,EE2012,Kỹ thuật điện,2(2-1-0-4),KT ôtô - CKĐL - Hàng không-K69S,1,Fri,0920-1145,4,6,Sáng,"2-9,11-19",TC-307
20251,TDDT,162619,162619,EE2012,Kỹ thuật điện,2(2-1-0-4),KT ôtô - CKĐL - Hàng không-K69S,1,Wed,0645-0910,1,3,Sáng,"2-9,11-19",TC-407
20251,TDDT,162620,162620,EE2012,Kỹ thuật điện,2(2-1-0-4),KT ôtô - CKĐL - Hàng không-K69S,1,Wed,0920-1145,4,6,Sáng,"2-9,11-19",TC-407
20251,TDDT,162621,162621,EE2012,Kỹ thuật điện,2(2-1-0-4),KT ôtô - CKĐL - Hàng không-K69C,1,Tue,1505-1730,4,6,Chiều,"2-9,11-19",TC-407
20251,TDDT,162656,162656,ET2010,Kỹ thuật điện tử,3(3-0-1-6),KT ôtô - CKĐL - Hàng không-K68S,1,Fri,0645-0910,1,3,Sáng,"2-9,11-19",TC-512
20251,TDDT,162657,162657,ET2010,Kỹ thuật điện tử,3(3-0-1-6),KT ôtô - CKĐL - Hàng không-K68S,1,Fri,0920-1145,4,6,Sáng,"2-9,11-19",TC-513
20251,TDDT,162658,162658,ET2010,Kỹ thuật điện tử,3(3-0-1-6),KT ôtô - CKĐL - Hàng không-K68S,1,Mon,0920-1145,4,6,Sáng,"2-9,11-19",D4-206
20251,TDDT,162770,162770,EE2017,Kỹ thuật điện-điện tử,3(2-1-1-6),Nhiệt-K69S,1,Tue,0920-1145,4,6,Sáng,"2-9,11-19",D8-505
20251,TDDT,162771,162771,EE2017,Kỹ thuật điện-điện tử,3(2-1-1-6),Nhiệt-K69S,1,Tue,0645-0910,1,3,Sáng,"2-9,11-19",D8-505
20251,TDDT,162791,162791,EE3245,Thiết bị đóng cắt và bảo vệ,3(2-1-1-6),Nhiệt-K68C,1,Mon,1505-1730,4,6,Chiều,"2-9,11-19",D8-101
20251,TDDT,162842,162842,EE2021,Lý thuyết mạch điện I,3(2-1-1-6),KT điện-K69C,1,Mon,1230-1455,1,3,Chiều,"2-9,11-19",TC-407
20251,TDDT,162843,162843,EE2021,Lý thuyết mạch điện I,3(2-1-1-6),KT điện-K69C,1,Mon,1505-1730,4,6,Chiều,"2-9,11-19",TC-407
20251,TDDT,162844,162844,EE2021,Lý thuyết mạch điện I,3(2-1-1-6),KT điện-K69C,1,Thu,1230-1455,1,3,Chiều,"2-9,11-19",D7-203
20251,TDDT,162845,162845,EE2021,Lý thuyết mạch điện I,3(2-1-1-6),KT điện-K69C,1,Thu,1505-1730,4,6,Chiều,"2-9,11-19",D7-203
20251,TDDT,162869,162869,EE2000,Tín hiệu và hệ thống,3(3-0-1-6),ĐK & TĐH-K69C,1,Tue,1230-1455,1,3,Chiều,"2-9,11-19",D4-304
20251,TDDT,162870,162870,EE2000,Tín hiệu và hệ thống,3(3-0-1-6),ĐK & TĐH-K69C,1,Tue,1505-1730,4,6,Chiều,"2-9,11-19",D4-304
20251,TDDT,162871,162871,EE2000,Tín hiệu và hệ thống,3(3-0-1-6),ĐK & TĐH-K69C,1,Tue,1230-1455,1,3,Chiều,"2-9,11-19",D4-404
20251,TDDT,162872,162872,EE2000,Tín hiệu và hệ thống,3(3-0-1-6),ĐK & TĐH-K69C,1,Tue,1505-1730,4,6,Chiều,"2-9,11-19",D4-404
20251,TDDT,162873,162873,EE2000,Tín hiệu và hệ thống,3(3-0-1-6),ĐK & TĐH-K69C,1,Fri,1230-1455,1,3,Chiều,"2-9,11-19",D4-404
20251,TDDT,162874,162874,EE2000,Tín hiệu và hệ thống,3(3-0-1-6),ĐK & TĐH-K69C,1,Fri,1505-1730,4,6,Chiều,"2-9,11-19",D4-404
20251,TDDT,162875,162875,EE2000,Tín hiệu và hệ thống,3(3-0-1-6),ĐK & TĐH-K69C,1,Mon,1230-1455,1,3,Chiều,"2-9,11-19",D8-102
20251,TDDT,162876,162876,EE2031,Trường điện từ,3(3-0-1-6),ĐK & TĐH-K69C,1,Fri,1505-1730,4,6,Chiều,"2-9,11-19",D8-104
20251,TDDT,162877,162877,EE2031,Trường điện từ,3(3-0-1-6),ĐK & TĐH-K69C,1,Fri,1230-1455,1,3,Chiều,"2-9,11-19",D8-104
20251,TDDT,162878,162878,EE2031,Trường điện từ,3(3-0-1-6),ĐK & TĐH-K69C,1,Wed,1230-1455,1,3,Chiều,"2-9,11-19",D8-101
20251,TDDT,162879,162879,EE2031,Trường điện từ,3(3-0-1-6),ĐK & TĐH-K69C,1,Wed,1505-1730,4,6,Chiều,"2-9,11-19",D8-101
20251,TDDT,162880,162880,EE2031,Trường điện từ,3(3-0-1-6),ĐK & TĐH-K69C,1,Mon,1505-1730,4,6,Chiều,"2-9,11-19",D8-102
20251,TDDT,162881,162881,EE2021,Lý thuyết mạch điện I,3(2-1-1-6),ĐK & TĐH-K69S,1,Tue,0645-0910,1,3,Sáng,"2-9,11-19",TC-207
20251,TDDT,162882,162882,EE2021,Lý thuyết mạch điện I,3(2-1-1-6),ĐK & TĐH-K69S,1,Tue,0920-1145,4,6,Sáng,"2-9,11-19",TC-207
20251,TDDT,162883,162883,EE2021,Lý thuyết mạch điện I,3(2-1-1-6),ĐK & TĐH-K69S,1,Thu,0645-0910,1,3,Sáng,"2-9,11-19",TC-207
20251,TDDT,162884,162884,EE2021,Lý thuyết mạch điện I,3(2-1-1-6),ĐK & TĐH-K69S,1,Thu,0920-1145,4,6,Sáng,"2-9,11-19",TC-207
20251,TDDT,162885,162885,EE2021,Lý thuyết mạch điện I,3(2-1-1-6),ĐK & TĐH-K69S,1,Fri,0645-0910,1,3,Sáng,"2-9,11-19",TC-307
20251,TDDT,162886,162886,EE2021,Lý thuyết mạch điện I,3(2-1-1-6),ĐK & TĐH-K69S,1,Fri,0920-1145,4,6,Sáng,"2-9,11-19",TC-307
20251,TDDT,162887,162887,EE3482,Vật liệu điện,3(3-0-1-6),KT Điện-K68S,1,Mon,0645-0910,1,3,Sáng,"2-9,11-19",D4-306
20251,TDDT,162888,162888,EE3482,Vật liệu điện,3(3-0-1-6),KT Điện-K68S,1,Mon,0920-1145,4,6,Sáng,"2-9,11-19",D4-306
20251,TDDT,162889,162889,EE3482,Vật liệu điện,3(3-0-1-6),KT Điện-K68C,1,Wed,1505-1730,4,6,Chiều,"2-9,11-19",TC-510
20251,TDDT,162890,162890,EE2022,Lý thuyết mạch điện II,3(2-1-1-6),KT Điện-K68S,1,Mon,0920-1145,4,6,Sáng,"2-9,11-19",D4-304
20251,TDDT,162891,162891,EE2022,Lý thuyết mạch điện II,3(2-1-1-6),KT Điện-K68S,1,Mon,0645-0910,1,3,Sáng,"2-9,11-19",D4-304
20251,TDDT,162892,162892,EE3425,Hệ thống cung cấp điện,3(3-0-1-6),KT Điện-K68S,1,Tue,0645-0910,1,3,Sáng,"2-9,11-19",D8-408
20251,TDDT,162893,162893,EE3425,Hệ thống cung cấp điện,3(3-0-1-6),KT Điện-K68S,1,Tue,0920-1145,4,6,Sáng,"2-9,11-19",D8-408
20251,TDDT,162894,162894,EE3245,Thiết bị đóng cắt và bảo vệ,3(2-1-1-6),KT Điện-K68S,1,Tue,0920-1145,4,6,Sáng,"2-9,11-19",D8-101
20251,TDDT,162895,162895,EE3245,Thiết bị đóng cắt và bảo vệ,3(2-1-1-6),KT Điện-K68S,1,Tue,0645-0910,1,3,Sáng,"2-9,11-19",D8-101
20251,TDDT,162896,162896,EE3110,Kỹ thuật đo lường,3(3-0-1-6),KT Điện-K68S,1,Thu,0645-0910,1,3,Sáng,"2-9,11-19",D4-305
20251,TDDT,162897,162897,EE3110,Kỹ thuật đo lường,3(3-0-1-6),KT Điện-K68S,1,Thu,0920-1145,4,6,Sáng,"2-9,11-19",D4-305
20251,TDDT,162898,162898,EE3410,Điện tử công suất,3(3-0-1-6),KT Điện-K68S,1,Thu,0920-1145,4,6,Sáng,"2-9,11-19",D4-404
20251,TDDT,162899,162899,EE3410,Điện tử công suất,3(3-0-1-6),KT Điện-K68S,1,Thu,0645-0910,1,3,Sáng,"2-9,11-19",D4-404
20251,TDDT,162900,162900,EE3289,Cơ sở điều khiển tự động,4(3-1-1-8),KT Điện-K68S,1,Wed,0645-1005,1,4,Sáng,"2-9,11-19",D8-101
20251,TDDT,162901,162901,EE3289,Cơ sở điều khiển tự động,4(3-1-1-8),KT Điện-K68S,1,Fri,0645-1005,1,4,Sáng,"2-9,11-19",D8-101
20251,TDDT,162902,162902,EE3101,Các nguồn năng lượng tái tạo,2(2-0-0-4),KT Điện-K68S,1,Wed,1015-1145,5,6,Sáng,"2-9,11-19",D8-101
20251,TDDT,162903,162903,EE3101,Các nguồn năng lượng tái tạo,2(2-0-0-4),KT Điện-K68S,1,Fri,1015-1145,5,6,Sáng,"2-9,11-19",D8-101
20251,TDDT,162904,162904,EE2111,Điện tử tương tự và số,4(3-1-1-8),KT Điện-K68S,1,Wed,0645-1005,1,4,Sáng,"2-9,11-19",D8-503
20251,TDDT,162905,162905,EE2111,Điện tử tương tự và số,4(3-1-1-8),KT Điện-K68S,1,Fri,0645-1005,1,4,Sáng,"2-9,11-19",D4-305
20251,TDDT,162906,162906,EE3140,Máy điện I,3(3-0-1-6),KT Điện-K68C,1,Wed,1230-1455,1,3,Chiều,"2-9,11-19",TC-407
20251,TDDT,162908,162908,EE3140,Máy điện I,3(3-0-1-6),ĐK & TĐH-K68C,1,Wed,1505-1730,4,6,Chiều,"2-9,11-19",TC-407
20251,TDDT,162909,162909,EE3140,Máy điện I,3(3-0-1-6),ĐK & TĐH-K68S,1,Wed,0645-0910,1,3,Sáng,"2-9,11-19",D8-102
20251,TDDT,162910,162910,EE3140,Máy điện I,3(3-0-1-6),ĐK & TĐH-K68S,1,Wed,0920-1145,4,6,Sáng,"2-9,11-19",D8-104
20251,TDDT,162911,162911,EE2022,Lý thuyết mạch điện II,3(2-1-1-6),ĐK & TĐH-K68S,1,Thu,0645-0910,1,3,Sáng,"2-9,11-19",D7-204
20251,TDDT,162912,162912,EE2022,Lý thuyết mạch điện II,3(2-1-1-6),(Blend)-ĐK & TĐH-K68C,1,Wed,1230-1400,1,2,Chiều,"2-9,11-19",D7-202
20251,TDDT,162913,162913,EE2022,Lý thuyết mạch điện II,3(2-1-1-6),(Blend)-ĐK & TĐH-K68C,1,Wed,1410-1550,3,4,Chiều,"2-9,11-19",D7-202
20251,TDDT,162914,162914,EE2130,Thiết kế hệ thống số,3(3-0-1-6),ĐK & TĐH-K68S,1,Tue,0920-1145,4,6,Sáng,"2-9,11-19",D8-104
20251,TDDT,162915,162915,EE2130,Thiết kế hệ thống số,3(3-0-1-6),ĐK & TĐH-K68S,1,Tue,0645-0910,1,3,Sáng,"2-9,11-19",D8-102
20251,TDDT,162916,162916,EE2130,Thiết kế hệ thống số,3(3-0-1-6),ĐK & TĐH-K68S,1,Thu,0920-1145,4,6,Sáng,"2-9,11-19",D8-104
20251,TDDT,162917,162917,EE2130,Thiết kế hệ thống số,3(3-0-1-6),ĐK & TĐH-K68S,1,Thu,0645-0910,1,3,Sáng,"2-9,11-19",D8-102
20251,TDDT,162918,162918,EE2130,Thiết kế hệ thống số,3(3-0-1-6),ĐK & TĐH-K68S,1,Wed,0920-1145,4,6,Sáng,"2-9,11-19",D8-506
20251,TDDT,162919,162919,EE2130,Thiết kế hệ thống số,3(3-0-1-6),ĐK & TĐH-K68S,1,Wed,0645-0910,1,3,Sáng,"2-9,11-19",D8-506
20251,TDDT,162920,162920,EE3410,Điện tử công suất,3(3-0-1-6),ĐK & TĐH-K68S,1,Mon,0645-0910,1,3,Sáng,"2-9,11-19",D8-102
20251,TDDT,162921,162921,EE3410,Điện tử công suất,3(3-0-1-6),ĐK & TĐH-K68S,1,Mon,0920-1145,4,6,Sáng,"2-9,11-19",D8-104
20251,TDDT,162922,162922,EE3410,Điện tử công suất,3(3-0-1-6),ĐK & TĐH-K68S,1,Fri,0645-0910,1,3,Sáng,"2-9,11-19",D8-506
20251,TDDT,162923,162923,EE3410,Điện tử công suất,3(3-0-1-6),ĐK & TĐH-K68S,1,Fri,0920-1145,4,6,Sáng,"2-9,11-19",D8-506
20251,TDDT,162924,162924,EE3410,Điện tử công suất,3(3-0-1-6),ĐK & TĐH-K68S,1,Tue,0645-0910,1,3,Sáng,"2-9,11-19",D8-104
20251,TDDT,162925,162925,EE3410,Điện tử công suất,3(3-0-1-6),ĐK & TĐH-K68S,1,Tue,0920-1145,4,6,Sáng,"2-9,11-19",D8-102
20251,TDDT,162926,162926,EE3491,Kỹ thuật lập trình,2(2-1-0-4),ĐK & TĐH-K68S,1,Mon,0920-1145,4,6,Sáng,"2-9,11-19",D8-102
20251,TDDT,162927,162927,EE3491,Kỹ thuật lập trình,2(2-1-0-4),ĐK & TĐH-K68S,1,Mon,0645-0910,1,3,Sáng,"2-9,11-19",D8-104
20251,TDDT,162928,162928,EE3491,Kỹ thuật lập trình,2(2-1-0-4),ĐK & TĐH-K68S,1,Fri,0920-1145,4,6,Sáng,"2-9,11-19",D8-104
20251,TDDT,162929,162929,EE3491,Kỹ thuật lập trình,2(2-1-0-4),ĐK & TĐH-K68S,1,Fri,0645-0910,1,3,Sáng,"2-9,11-19",D8-102
20251,TDDT,162930,162930,EE3491,Kỹ thuật lập trình,2(2-1-0-4),ĐK & TĐH-K68S,1,Tue,0645-0910,1,3,Sáng,"2-9,11-19",D8-506
20251,TDDT,162931,162931,EE3510,Truyền động điện,3(3-0-1-6),ĐK & TĐH-K68S,1,Wed,0645-0910,1,3,Sáng,"2-9,11-19",D8-104
20251,TDDT,162932,162932,EE3510,Truyền động điện,3(3-0-1-6),ĐK & TĐH-K68S,1,Wed,0920-1145,4,6,Sáng,"2-9,11-19",D8-102
20251,TDDT,162933,162933,EE2110,Điện tử tương tự,3(3-0-1-6),ĐK & TĐH-K68S,1,Fri,0645-0910,1,3,Sáng,"2-9,11-19",D8-104
20251,TDDT,162934,162934,EE2110,Điện tử tương tự,3(3-0-1-6),ĐK & TĐH-K68S,1,Fri,0920-1145,4,6,Sáng,"2-9,11-19",D8-102
20251,TDDT,162935,162935,EE2110,Điện tử tương tự,3(3-0-1-6),ĐK & TĐH-K68S,1,Tue,0920-1145,4,6,Sáng,"2-9,11-19",D8-506
20251,TDDT,162936,162936,EE3110,Kỹ thuật đo lường,3(3-0-1-6),ĐK & TĐH-K68S,1,Thu,0645-0910,1,3,Sáng,"2-9,11-19",D8-104
20251,TDDT,162937,162937,EE3110,Kỹ thuật đo lường,3(3-0-1-6),ĐK & TĐH-K68S,1,Thu,0920-1145,4,6,Sáng,"2-9,11-19",D8-102
20251,TDDT,162938,162938,EE3110,Kỹ thuật đo lường,3(3-0-1-6),ĐK & TĐH-K68S,1,Mon,0920-1145,4,6,Sáng,"2-9,11-19",D8-506
20251,TDDT,162939,162939,EE3110,Kỹ thuật đo lường,3(3-0-1-6),ĐK & TĐH-K68S,1,Mon,0645-0910,1,3,Sáng,"2-9,11-19",D8-506
20251,TDDT,162940,162940,EE3480,Vi xử lý,3(3-0-1-6),ĐK & TĐH-K68S,1,Fri,0920-1145,4,6,Sáng,"2-9,11-19",D9-404
20251,TDDT,162941,162941,EE3480,Vi xử lý,3(3-0-1-6),ĐK & TĐH-K68S,1,Fri,0645-0910,1,3,Sáng,"2-9,11-19",D9-404
20251,TDDT,162942,162942,EE3480,Vi xử lý,3(3-0-1-6),ĐK & TĐH-K68S,1,Thu,0920-1145,4,6,Sáng,"2-9,11-19",D9-505
20251,TDDT,162943,162943,EE3288,Lý thuyết điều khiển tuyến tính,3(3-1-0-6),ĐK & TĐH-K68C,1,Mon,1230-1550,1,4,Chiều,"2-9,11-19",D8-104
20251,TDDT,162944,162944,EE3288,Lý thuyết điều khiển tuyến tính,3(3-1-0-6),ĐK & TĐH-K68C,1,Mon,1600-1730,5,6,Chiều,"2-9,11-19",D8-104
20251,TDDT,162944,162944,EE3288,Lý thuyết điều khiển tuyến tính,3(3-1-0-6),ĐK & TĐH-K68C,2,Thu,1230-1400,1,2,Chiều,"2-9,11-19",D8-104
20251,TDDT,162946,162946,EE2023,Technical Writing and Presentation,3(2-2-0-6),KT Điện-K67C,1,Mon,1230-1550,1,4,Chiều,"2-9,11-19",D8-307
20251,TDDT,162947,162947,EE2023,Technical Writing and Presentation,3(2-2-0-6),KT Điện-K67C,1,Mon,1600-1730,5,6,Chiều,"2-9,11-19",D8-307
20251,TDDT,162947,162947,EE2023,Technical Writing and Presentation,3(2-2-0-6),KT Điện-K67C,2,Fri,1230-1400,1,2,Chiều,"2-9,11-19",D8-307
20251,TDDT,162948,162948,EE2023,Technical Writing and Presentation,3(2-2-0-6),KT Điện-K67C,1,Fri,1410-1730,3,6,Chiều,"2-9,11-19",D8-307
20251,TDDT,162951,162951,EE3600,Hệ thống đo và điều khiển công nghiệp,3(3-0-1-6),KT Điện-K67C,1,Thu,1230-1455,1,3,Chiều,"2-9,11-19",D8-302
20251,TDDT,162952,162952,EE4082,Kỹ thuật chiếu sáng,3(3-1-0-6),KT Điện-mô đun 1-K67C,1,Tue,1230-1550,1,4,Chiều,"2-9,11-19",D8-305
20251,TDDT,162953,162953,EE4205,Máy điện trong thiết bị tự động và điều khiển,2(2-1-0-4),KT Điện-mô đun 1-K67C,1,Thu,1505-1730,4,6,Chiều,"2-9,11-19",D8-305
20251,TDDT,162954,162954,EE3070,Điều khiển máy điện,3(3-0-1-6),KT Điện-mô đun 1-K67C,1,Wed,1505-1730,4,6,Chiều,"2-9,11-19",D7-503
20251,TDDT,162955,162955,EE3428,Hệ thống BMS cho tòa nhà,3(3-0-0-6),KT Điện-mô đun 1-K67C,1,Wed,1230-1455,1,3,Chiều,"2-9,11-19",D7-503
20251,TDDT,162956,162956,EE4032,Nhà máy điện và trạm biến áp,3(3-1-0-6),KT Điện-mô đun 2-K67C,1,Mon,1230-1550,1,4,Chiều,"2-9,11-19",D7-505
20251,TDDT,162957,162957,EE4032,Nhà máy điện và trạm biến áp,3(3-1-0-6),KT Điện-mô đun 2-K67C,1,Mon,1600-1730,5,6,Chiều,"2-9,11-19",D7-505
20251,TDDT,162957,162957,EE4032,Nhà máy điện và trạm biến áp,3(3-1-0-6),KT Điện-mô đun 2-K67C,2,Wed,1230-1400,1,2,Chiều,"2-9,11-19",D7-505
20251,TDDT,162958,162958,EE4042,Rơle bảo vệ trong hệ thống điện,3(3-1-0-6),KT Điện-mô đun 2-K67C,1,Wed,1410-1730,3,6,Chiều,"2-9,11-19",D7-505
20251,TDDT,162959,162959,EE4052,Kỹ thuật điện cao áp,3(3-1-0-6),KT Điện-mô đun 2-K67C,1,Fri,1410-1730,3,6,Chiều,"2-9,11-19",D8-506
20251,TDDT,162960,162960,EE4010,Lưới điện,3(3-1-0-8),KT Điện-mô đun 2-K67C,1,Tue,1600-1730,5,6,Chiều,"2-9,11-19",D8-506
20251,TDDT,162960,162960,EE4010,Lưới điện,3(3-1-0-8),KT Điện-mô đun 2-K67C,2,Fri,1230-1400,1,2,Chiều,"2-9,11-19",D8-506
20251,TDDT,162961,162961,EE4020,Ngắn mạch trong hệ thống điện,3(3-1-0-6),KT Điện-mô đun 2-K67C,1,Tue,1230-1550,1,4,Chiều,"2-9,11-19",D8-506
20251,TDDT,162962,162962,EE4220,Điều khiển logic và PLC,3(3-0-1-6),ĐK & TĐH-K67S,1,Fri,0645-0910,1,3,Sáng,"2-9,11-19",D9-502
20251,TDDT,162963,162963,EE4220,Điều khiển logic và PLC,3(3-0-1-6),ĐK & TĐH-K67S,1,Fri,0920-1145,4,6,Sáng,"2-9,11-19",D9-503
20251,TDDT,162964,162964,EE4220,Điều khiển logic và PLC,3(3-0-1-6),ĐK & TĐH-K67S,1,Wed,0645-0910,1,3,Sáng,"2-9,11-19",TC-511
20251,TDDT,162965,162965,EE4220,Điều khiển logic và PLC,3(3-0-1-6),ĐK & TĐH-K67S,1,Wed,0920-1145,4,6,Sáng,"2-9,11-19",TC-512
20251,TDDT,162966,162966,EE4220,Điều khiển logic và PLC,3(3-0-1-6),ĐK & TĐH-K67S,1,Tue,0645-0910,1,3,Sáng,"2-9,11-19",D3-404
20251,TDDT,162967,162967,EE3600,Hệ thống đo và điều khiển công nghiệp,3(3-0-1-6),ĐK & TĐH-K67S,1,Fri,0920-1145,4,6,Sáng,"2-9,11-19",D9-502
20251,TDDT,162968,162968,EE3600,Hệ thống đo và điều khiển công nghiệp,3(3-0-1-6),ĐK & TĐH-K67S,1,Fri,0645-0910,1,3,Sáng,"2-9,11-19",D9-503
20251,TDDT,162969,162969,EE3600,Hệ thống đo và điều khiển công nghiệp,3(3-0-1-6),ĐK & TĐH-K67S,1,Wed,0920-1145,4,6,Sáng,"2-9,11-19",TC-511
20251,TDDT,162970,162970,EE3600,Hệ thống đo và điều khiển công nghiệp,3(3-0-1-6),ĐK & TĐH-K67S,1,Wed,0645-0910,1,3,Sáng,"2-9,11-19",TC-512
20251,TDDT,162971,162971,EE2023,Technical Writing and Presentation,3(2-2-0-6),ĐK & TĐH-K67S,1,Tue,0645-1005,1,4,Sáng,"2-9,11-19",D8-309
20251,TDDT,162972,162972,EE2023,Technical Writing and Presentation,3(2-2-0-6),ĐK & TĐH-K67S,1,Tue,1015-1145,5,6,Sáng,"2-9,11-19",D8-309
20251,TDDT,162972,162972,EE2023,Technical Writing and Presentation,3(2-2-0-6),ĐK & TĐH-K67S,2,Thu,0645-0815,1,2,Sáng,"2-9,11-19",D8-309
20251,TDDT,162973,162973,EE2023,Technical Writing and Presentation,3(2-2-0-6),ĐK & TĐH-K67S,1,Thu,0825-1145,3,6,Sáng,"2-9,11-19",D8-309
20251,TDDT,162974,162974,EE2023,Technical Writing and Presentation,3(2-2-0-6),ĐK & TĐH-K67S,1,Wed,0645-1005,1,4,Sáng,"2-9,11-19",D8-303
20251,TDDT,162975,162975,EE2023,Technical Writing and Presentation,3(2-2-0-6),ĐK & TĐH-K67S,1,Wed,1015-1145,5,6,Sáng,"2-9,11-19",D8-303
20251,TDDT,162975,162975,EE2023,Technical Writing and Presentation,3(2-2-0-6),ĐK & TĐH-K67S,2,Fri,0645-0815,1,2,Sáng,"2-9,11-19",D8-303
20251,TDDT,162976,162976,EE2023,Technical Writing and Presentation,3(2-2-0-6),ĐK & TĐH-K67S,1,Fri,0825-1145,3,6,Sáng,"2-9,11-19",D8-303
20251,TDDT,162977,162977,EE2023,Technical Writing and Presentation,3(2-2-0-6),ĐK & TĐH-K67C,1,Mon,1230-1550,1,4,Chiều,"2-9,11-19",D8-305
20251,TDDT,162978,162978,EE2023,Technical Writing and Presentation,3(2-2-0-6),ĐK & TĐH-K67C,1,Mon,1600-1730,5,6,Chiều,"2-9,11-19",D8-305
20251,TDDT,162978,162978,EE2023,Technical Writing and Presentation,3(2-2-0-6),ĐK & TĐH-K67C,2,Thu,1230-1400,1,2,Chiều,"2-9,11-19",D8-303
20251,TDDT,162979,162979,EE3550,Điều khiển quá trình,3(3-0-1-6),ĐK & TĐH-K67C,1,Fri,1230-1455,1,3,Chiều,"2-9,11-19",TC-407
20251,TDDT,162980,162980,EE3550,Điều khiển quá trình,3(3-0-1-6),ĐK & TĐH-K67C,1,Fri,1505-1730,4,6,Chiều,"2-9,11-19",TC-407
20251,TDDT,162981,162981,EE3550,Điều khiển quá trình,3(3-0-1-6),ĐK & TĐH-K67S,1,Tue,0920-1145,4,6,Sáng,"2-9,11-19",D7-204
20251,TDDT,162982,162982,EE3426,Hệ thống cung cấp điện (BTL),3(3-1-0-6),ĐK & TĐH-K67C,1,Fri,1505-1730,4,6,Chiều,"2-9,11-19",TC-510
20251,TDDT,162983,162983,EE3426,Hệ thống cung cấp điện (BTL),3(3-1-0-6),ĐK & TĐH-K67C,1,Fri,1230-1455,1,3,Chiều,"2-9,11-19",TC-510
20251,TDDT,162984,162984,EE3426,Hệ thống cung cấp điện (BTL),3(3-1-0-6),ĐK & TĐH-K67C,1,Mon,1230-1455,1,3,Chiều,"2-9,11-19",TC-510
20251,TDDT,162985,162985,EE3426,Hệ thống cung cấp điện (BTL),3(3-1-0-6),ĐK & TĐH-K67C,1,Mon,1505-1730,4,6,Chiều,"2-9,11-19",TC-510
20251,TDDT,162986,162986,EE4331,Điều khiển Điện tử công suất,3(3-1-0-6),ĐK & TĐH - MĐ 1-K67C,1,Tue,1230-1550,1,4,Chiều,"2-9,11-19",TC-510
20251,TDDT,162987,162987,EE4331,Điều khiển Điện tử công suất,3(3-1-0-6),ĐK & TĐH - MĐ 1-K67C,1,Tue,1600-1730,5,6,Chiều,"2-9,11-19",TC-511
20251,TDDT,162987,162987,EE4331,Điều khiển Điện tử công suất,3(3-1-0-6),ĐK & TĐH - MĐ 1-K67C,2,Thu,1230-1400,1,2,Chiều,"2-9,11-19",TC-511
20251,TDDT,162988,162988,EE4331,Điều khiển Điện tử công suất,3(3-1-0-6),ĐK & TĐH - MĐ 1-K67C,1,Thu,1410-1730,3,6,Chiều,"2-9,11-19",TC-510
20251,TDDT,162989,162989,EE4331,Điều khiển Điện tử công suất,3(3-1-0-6),ĐK & TĐH - MĐ 1-K67C,1,Wed,1230-1550,1,4,Chiều,"2-9,11-19",TC-512
20251,TDDT,162990,162990,EE4332,Thiết kế truyền động điện,3(3-1-0-6),ĐK & TĐH - MĐ 1-K67C,1,Tue,1600-1730,5,6,Chiều,"2-9,11-19",TC-510
20251,TDDT,162990,162990,EE4332,Thiết kế truyền động điện,3(3-1-0-6),ĐK & TĐH - MĐ 1-K67C,2,Thu,1230-1400,1,2,Chiều,"2-9,11-19",TC-510
20251,TDDT,162991,162991,EE4332,Thiết kế truyền động điện,3(3-1-0-6),ĐK & TĐH - MĐ 1-K67C,1,Thu,1410-1730,3,6,Chiều,"2-9,11-19",TC-511
20251,TDDT,162992,162992,EE4332,Thiết kế truyền động điện,3(3-1-0-6),ĐK & TĐH - MĐ 1-K67C,1,Tue,1230-1550,1,4,Chiều,"2-9,11-19",TC-511
20251,TDDT,162993,162993,EE4332,Thiết kế truyền động điện,3(3-1-0-6),ĐK & TĐH - MĐ 1-K67S,1,Mon,0645-1005,1,4,Sáng,"2-9,11-19",D9-503
20251,TDDT,162994,162994,EE4334,Hệ thống sản xuất tích hợp máy tính (CIM),2(2-0-1-4),ĐK & TĐH - MĐ 1-K67C,1,Wed,1230-1400,1,2,Chiều,"2-9,11-19",TC-511
20251,TDDT,162995,162995,EE4334,Hệ thống sản xuất tích hợp máy tính (CIM),2(2-0-1-4),ĐK & TĐH - MĐ 1-K67C,1,Wed,1410-1550,3,4,Chiều,"2-9,11-19",TC-511
20251,TDDT,162996,162996,EE4334,Hệ thống sản xuất tích hợp máy tính (CIM),2(2-0-1-4),ĐK & TĐH - MĐ 1-K67C,1,Wed,1600-1730,5,6,Chiều,"2-9,11-19",TC-511
20251,TDDT,162997,162997,EE4334,Hệ thống sản xuất tích hợp máy tính (CIM),2(2-0-1-4),ĐK & TĐH - MĐ 1-K67S,1,Mon,1015-1145,5,6,Sáng,"2-9,11-19",D9-503
20251,TDDT,162998,162998,EE4401,Thiết kế hệ điều khiển nhúng,3(2-2-0-6),ĐK & TĐH - MĐ 2-K67C,1,Tue,1230-1550,1,4,Chiều,"2-9,11-19",TC-512
20251,TDDT,162999,162999,EE4430,Mô hình hóa và mô phỏng hệ thống điều khiển,2(2-1-0-4),ĐK & TĐH - MĐ 2-K67C,1,Mon,1505-1730,4,6,Chiều,"2-9,11-19",TC-511
20251,TDDT,163000,163000,EE4435,Hệ thống điều khiển số,3(3-0-1-6),ĐK & TĐH - MĐ 2-K67C,1,Mon,1230-1455,1,3,Chiều,"2-9,11-19",TC-511
20251,TDDT,163001,163001,EE4502,Kỹ thuật cảm biến ,3(3-0-1-6),ĐK & TĐH - MĐ 3-K67C,1,Fri,1505-1730,4,6,Chiều,"2-9,11-19",TC-511
20251,TDDT,163002,163002,EE4502,Kỹ thuật cảm biến ,3(3-0-1-6),ĐK & TĐH - MĐ 3-K67C,1,Fri,1230-1455,1,3,Chiều,"2-9,11-19",TC-511
20251,TDDT,163003,163003,EE4251,Thiết kế hệ thống nhúng,3(3-1-0-6),ĐK & TĐH - MĐ 3-K67C,1,Tue,1600-1730,5,6,Chiều,"2-9,11-19",TC-512
20251,TDDT,163003,163003,EE4251,Thiết kế hệ thống nhúng,3(3-1-0-6),ĐK & TĐH - MĐ 3-K67C,2,Thu,1230-1400,1,2,Chiều,"2-9,11-19",TC-512
20251,TDDT,163004,163004,EE4251,Thiết kế hệ thống nhúng,3(3-1-0-6),ĐK & TĐH - MĐ 3-K67C,1,Thu,1410-1730,3,6,Chiều,"2-9,11-19",TC-512
20251,TDDT,163005,163005,EE4552,Mạng cảm biến không dây,2(2-1-0-4),ĐK & TĐH - MĐ 3-K67C,1,Mon,1505-1730,4,6,Chiều,"2-9,11-19",TC-512
20251,TDDT,163006,163006,EE4552,Mạng cảm biến không dây,2(2-1-0-4),ĐK & TĐH - MĐ 3-K67C,1,Mon,1230-1455,1,3,Chiều,"2-9,11-19",TC-512
20251,TDDT,163007,163007,EE4560,Công nghệ chế tạo thiết bị điện công nghiệp,2(2-1-0-4),KSCS - Thiết bị điện -S,1,Thu,0645-0910,1,3,Sáng,"2-9,11-19",D7-503
20251,TDDT,163008,163008,EE4561,Thiết kế máy điện công nghiệp,2(2-1-0-4),KSCS - Thiết bị điện -S,1,Mon,0645-0910,1,3,Sáng,"2-9,11-19",D7-506
20251,TDDT,163009,163009,EE4562,Thiết kế thiết bị đóng cắt và bảo vệ,2(2-1-0-4),KSCS - Thiết bị điện -S,1,Mon,0920-1145,4,6,Sáng,"2-9,11-19",D7-506
20251,TDDT,163010,163010,EE4565,Thiết bị đóng cắt hiện đại,2(2-1-0-4),KSCS - Thiết bị điện -S,1,Tue,0645-0910,1,3,Sáng,"2-9,11-19",D7-506
20251,TDDT,163011,163011,EE4563,Thiết kế thiết bị điều khiển máy điện,2(2-1-0-4),KSCS - Thiết bị điện -S,1,Tue,0920-1145,4,6,Sáng,"2-9,11-19",D7-506
20251,TDDT,163012,163012,EE4564,Máy điện nâng cao,2(2-1-0-4),KSCS - Thiết bị điện -S,1,Thu,0920-1145,4,6,Sáng,"2-9,11-19",D7-503
20251,TDDT,163013,163013,EE4461,Tích hợp các nguồn năng lượng mới,2(2-1-0-4),KSCS - Hệ thống điện-S,1,Wed,0920-1145,4,6,Sáng,"2-9,11-19",D7-506
20251,TDDT,163014,163014,EE4128,Tối ưu hoá chế độ hệ thống điện,2(2-1-0-4),KSCS - Hệ thống điện-S,1,Wed,0645-0910,1,3,Sáng,"2-9,11-19",D7-506
20251,TDDT,163015,163015,EE4018,Tự động hoá HTĐ,3(3-1-0-6),KSCS - Hệ thống điện-S,1,Fri,0645-1005,1,4,Sáng,"2-9,11-19",D7-506
20251,TDDT,163016,163016,EE5232,SCADA trong hệ thống điện,2(2-0-0-4),KSCS - Hệ thống điện-S,1,Fri,1015-1145,5,6,Sáng,"2-9,11-19",D7-506
20251,TDDT,163017,163017,EE4460,Thị trường điện,2(2-1-0-4),KSCS - Hệ thống điện-S,1,Tue,0645-0910,1,3,Sáng,"2-9,11-19",D7-503
20251,TDDT,163018,163018,EE4314,Quy hoạch phát triển hệ thống điện,2(2-1-0-4),KSCS - Hệ thống điện-S,1,Tue,0920-1145,4,6,Sáng,"2-9,11-19",D7-503
20251,TDDT,163020,163020,EE4273,Thử nghiệm và thí nghiệm thiết bị điện,2(2-1-0-4),KSCS - KT điện - TC-C,1,Thu,1230-1455,1,3,Chiều,"2-9,11-19",D7-504
20251,TDDT,163021,163021,EE4462,Nhà máy điện gió và mặt trời ,2(2-1-0-4),KSCS - KT điện - TC-C,1,Thu,1505-1730,4,6,Chiều,"2-9,11-19",D7-504
20251,TDDT,163022,163022,EE4112,Nhà máy thuỷ điện,2(2-0-0-4),KSCS - KT điện - TC-C,1,Mon,1410-1550,3,4,Chiều,"2-9,11-19",D8-501
20251,TDDT,163023,163023,EE5160,Vận hành nhà máy điện ,2(2-0-0-4),KSCS - KT điện - TC-C,1,Mon,1600-1730,5,6,Chiều,"2-9,11-19",D8-501
20251,TDDT,163024,163024,EE4115,Ổn định của hệ thống điện,2(2-1-0-4),KSCS - KT điện - TC-C,1,Fri,1230-1455,1,3,Chiều,"2-9,11-19",D7-506
20251,TDDT,163025,163025,EE5061,Sử dụng máy tính trong phân tích HTĐ,2(2-1-0-4),KSCS - KT điện - TC-C,1,Fri,1505-1730,4,6,Chiều,"2-9,11-19",D7-506
20251,TDDT,163026,163026,EE4572,Bảo trì dự báo,2(2-1-0-4),KSCS - KT điện - TC-C,1,Tue,1230-1455,1,3,Chiều,"2-9,11-19",D7-504
20251,TDDT,163027,163027,EE4571,"Giám sát, chuẩn đoán sự cố trong TBĐ",2(2-1-0-4),KSCS - KT điện - TC-C,1,Tue,1505-1730,4,6,Chiều,"2-9,11-19",D7-504
20251,TDDT,163028,163028,EE4573,Đánh giá tuổi thọ và độ tin cậy của TBĐ,2(2-1-0-4),KSCS - KT điện - TC-C,1,Wed,1505-1730,4,6,Chiều,"2-9,11-19",D9-408
20251,TDDT,163029,163029,EE4271,Công nghệ xử lý nước thải,2(2-1-0-4),ĐK & TĐH-S,1,Tue,0645-0910,1,3,Sáng,"2-9,11-19",D3-405
20251,TDDT,163030,163030,EE4272,Công nghệ xử lý  xử lý rác thải,2(2-1-0-4),ĐK & TĐH-S,1,Wed,0645-0910,1,3,Sáng,"2-9,11-19",D7-502
20251,TDDT,163031,163031,EE4276,Tự động hóa nhà máy xi măng,2(2-0-0-4),ĐK & TĐH-S,1,Thu,0645-0815,1,2,Sáng,"2-9,11-19",D9-403
20251,TDDT,163032,163032,EE4281,Hệ thống giám sát khí thải nhà máy nhiệt điện,2(2-0-0-4),ĐK & TĐH-S,1,Wed,1015-1145,5,6,Sáng,"2-9,11-19",C7-236
20251,TDDT,163033,163033,EE4274,Kỹ thuật điều khiển xe điện,2(2-1-0-4),ĐK & TĐH-S,1,Wed,0920-1145,4,6,Sáng,"2-9,11-19",D7-501
20251,TDDT,163034,163034,EE4224,Hệ thống truyền động thuỷ lực và khí nén,2(2-0-1-4),ĐK & TĐH - MĐ 1-S,1,Thu,1015-1145,5,6,Sáng,"2-9,11-19",C7-223
20251,TDDT,163035,163035,EE4344,Kỹ thuật Robot,2(2-1-0-4),ĐK & TĐH - MĐ 1-S,1,Mon,0645-0910,1,3,Sáng,"2-9,11-19",D8-101
20251,TDDT,163036,163036,EE4421,Trang bị điện-điện tử các máy công nghiệp,2(2-1-0-4),ĐK & TĐH - MĐ 1-S,1,Tue,0920-1145,4,6,Sáng,"2-9,11-19",D3-405
20251,TDDT,163037,163037,EE4422,Vi điều khiển và ứng dụng,3(2-1-1-6),ĐK & TĐH - MĐ 1-S,1,Fri,0645-0910,1,3,Sáng,"2-9,11-19",D3-403
20251,TDDT,163038,163038,EE4422,Vi điều khiển và ứng dụng,3(2-1-1-6),ĐK & TĐH - MĐ 1-S,1,Fri,0920-1145,4,6,Sáng,"2-9,11-19",D3-403
20251,TDDT,163039,163039,EE4362,Hệ thống điều khiển máy CNC,2(2-1-0-4),ĐK & TĐH - MĐ 1-S,1,Tue,0645-0910,1,3,Sáng,"2-9,11-19",D3-406
20251,TDDT,163040,163040,EE4362,Hệ thống điều khiển máy CNC,2(2-1-0-4),ĐK & TĐH - MĐ 1-S,1,Tue,0920-1145,4,6,Sáng,"2-9,11-19",D3-406
20251,TDDT,163041,163041,EE4361,PLC trong điều khiển chuyển động,2(2-1-0-4),ĐK & TĐH - MĐ 1-S,1,Mon,0920-1145,4,6,Sáng,"2-9,11-19",D8-101
20251,TDDT,163042,163042,EE4232,Tương thích điện từ (EMC),2(2-1-0-4),ĐK & TĐH - MĐ 3-S,1,Mon,0645-0910,1,3,Sáng,"2-9,11-19",D7-502
20251,TDDT,163043,163043,EE4252,Thiết kế thiết bị đo,3(3-1-0-6),ĐK & TĐH - MĐ 3-S,1,Fri,0645-1005,1,4,Sáng,"2-9,11-19",D7-508
20251,TDDT,163044,163044,EE4266,Mạng và các giao thức trong IoT,2(2-1-0-4),ĐK & TĐH - MĐ 3-S,1,Tue,0645-0910,1,3,Sáng,"2-9,11-19",D7-502
20251,TDDT,163045,163045,EE4268,FPGA và ứng dụng ,2(2-1-0-4),ĐK & TĐH - MĐ 3-S,1,Tue,0920-1145,4,6,Sáng,"2-9,11-19",D7-502
20251,TDDT,163046,163046,EE5456,Học máy,2(2-1-0-4),ĐK & TĐH - MĐ 3-S,1,Mon,0920-1145,4,6,Sáng,"2-9,11-19",D7-502
20251,TDDT,163047,163047,EE5250,Xử lý tín hiệu,2(2-1-0-4),ĐK & TĐH - MĐ 3-S,1,Wed,0920-1145,4,6,Sáng,"2-9,11-19",D7-502
20251,TDDT,163048,163048,EE4525,Vi hệ thống ,2(2-0-0-4),ĐK & TĐH - MĐ 3-S,1,Fri,1015-1145,5,6,Sáng,"2-9,11-19",D7-508
20251,TDDT,163050,163050,EE4364,DCS & SCADA,2(2-1-0-4),ĐK & TĐH-C,1,Fri,1230-1455,1,3,Chiều,"2-9,11-19",TC-210
20251,TDDT,163051,163051,EE4364,DCS & SCADA,2(2-1-0-4),ĐK & TĐH-C,1,Fri,1505-1730,4,6,Chiều,"2-9,11-19",TC-210
20251,TDDT,163052,163052,EE4259,Học sâu,2(2-1-0-4),ĐK & TĐH-C,1,Wed,1505-1730,4,6,Chiều,"2-9,11-19",D7-506
20251,TDDT,163053,163053,EE4277,SCADA cho trạm biến áp,2(2-0-0-4),ĐK & TĐH-C,1,Tue,1410-1550,3,4,Chiều,"2-9,11-19",D7-502
20251,TDDT,163054,163054,EE4269,Hệ thống quản lý tòa nhà thông minh  ,2(2-1-0-4),ĐK & TĐH-C,1,Wed,1230-1455,1,3,Chiều,"2-9,11-19",D7-506
20251,TDDT,163055,163055,EE4278,Hệ thống đo lường điều khiển nhà máy điện,2(2-0-0-4),ĐK & TĐH-C,1,Tue,1600-1730,5,6,Chiều,"2-9,11-19",D7-502
20251,TDDT,163056,163056,EE5426,Thiết kế hệ thống biến đổi điện năng,2(2-1-0-4),ĐK & TĐH-C,1,Mon,1230-1455,1,3,Chiều,"2-9,11-19",D4-204
20251,TDDT,163057,163057,EE4346,Thị giác máy tính,2(2-1-0-4),ĐK & TĐH-C,1,Thu,1505-1730,4,6,Chiều,"2-9,11-19",D7-502
20251,TDDT,163058,163058,EE5247,Nhà máy số,2(2-1-0-4),ĐK & TĐH-C,1,Mon,1505-1730,4,6,Chiều,"2-9,11-19",D4-204
20251,TDDT,163082,163082,ET2100,Cấu trúc dữ liệu và giải thuật,2(2-1-0-4),ĐTVT-K69C,1,Fri,1505-1730,4,6,Chiều,"2-9,11-19",D7-203
20251,TDDT,163083,163083,ET2100,Cấu trúc dữ liệu và giải thuật,2(2-1-0-4),ĐTVT-K69C,1,Fri,1230-1455,1,3,Chiều,"2-9,11-19",D7-203
20251,TDDT,163084,163084,ET2100,Cấu trúc dữ liệu và giải thuật,2(2-1-0-4),ĐTVT-K69C,1,Wed,1230-1455,1,3,Chiều,"2-9,11-19",D7-201
20251,TDDT,163085,163085,ET2100,Cấu trúc dữ liệu và giải thuật,2(2-1-0-4),ĐTVT-K69C,1,Wed,1505-1730,4,6,Chiều,"2-9,11-19",D7-201
20251,TDDT,163086,163086,ET2100,Cấu trúc dữ liệu và giải thuật,2(2-1-0-4),ĐTVT-K69C,1,Tue,1230-1455,1,3,Chiều,"2-9,11-19",D7-204
20251,TDDT,163092,163092,ET2040,Cấu kiện điện tử,3(3-0-1-6),ĐTVT-K69S,1,Mon,0645-0910,1,3,Sáng,"2-9,11-19",TC-512
20251,TDDT,163093,163093,ET2040,Cấu kiện điện tử,3(3-0-1-6),ĐTVT-K69S,1,Mon,0920-1145,4,6,Sáng,"2-9,11-19",TC-512
20251,TDDT,163094,163094,ET2040,Cấu kiện điện tử,3(3-0-1-6),ĐTVT-K69S,1,Wed,0645-0910,1,3,Sáng,"2-9,11-19",TC-513
20251,TDDT,163095,163095,ET2040,Cấu kiện điện tử,3(3-0-1-6),ĐTVT-K69S,1,Wed,0920-1145,4,6,Sáng,"2-9,11-19",TC-513
20251,TDDT,163096,163096,ET2040,Cấu kiện điện tử,3(3-0-1-6),ĐTVT-K69S,1,Fri,0645-0910,1,3,Sáng,"2-9,11-19",D9-405
20251,TDDT,163097,163097,ET2040,Cấu kiện điện tử,3(3-0-1-6),ĐTVT-K69S,1,Fri,0920-1145,4,6,Sáng,"2-9,11-19",D9-405
20251,TDDT,163103,163103,ET2031,Kỹ thuật lập trình C/C++,2(2-1-0-4),Y sinh-K69C,1,Fri,1505-1730,4,6,Chiều,"2-9,11-19",TC-512
20251,TDDT,163104,163104,ET2031,Kỹ thuật lập trình C/C++,2(2-1-0-4),Y sinh-K69C,1,Fri,1230-1455,1,3,Chiều,"2-9,11-19",TC-513
20251,TDDT,163105,163105,ET2050,Lý thuyết mạch,3(3-0-1-6),Y sinh-K69C,1,Mon,1230-1455,1,3,Chiều,"2-9,11-19",TC-513
20251,TDDT,163106,163106,ET2050,Lý thuyết mạch,3(3-0-1-6),Y sinh-K69C,1,Mon,1505-1730,4,6,Chiều,"2-9,11-19",TC-513
20251,TDDT,163107,163107,ET2041,Cấu kiện điện tử,3(3-0-1-6),Y sinh-K69C,1,Thu,1505-1730,4,6,Chiều,"2-9,11-19",D7-501
20251,TDDT,163108,163108,ET2072,Lý thuyết thông tin,2(2-0-1-4),ĐTVT-K68S,1,Mon,0645-0815,1,2,Sáng,"2-9,11-19",D4-404
20251,TDDT,163109,163109,ET2072,Lý thuyết thông tin,2(2-0-1-4),ĐTVT-K68S,1,Mon,0825-1005,3,4,Sáng,"2-9,11-19",D4-404
20251,TDDT,163110,163110,ET2072,Lý thuyết thông tin,2(2-0-1-4),ĐTVT-K68S,1,Mon,1015-1145,5,6,Sáng,"2-9,11-19",D4-404
20251,TDDT,163111,163111,ET2072,Lý thuyết thông tin,2(2-0-1-4),ĐTVT-K68S,1,Wed,1015-1145,5,6,Sáng,"2-9,11-19",D4-404
20251,TDDT,163112,163112,ET3280,Anten và truyền sóng,2(2-0-1-4),ĐTVT-K68S,1,Mon,0645-0815,1,2,Sáng,"2-9,11-19",D4-405
20251,TDDT,163113,163113,ET3280,Anten và truyền sóng,2(2-0-1-4),ĐTVT-K68S,1,Mon,0825-1005,3,4,Sáng,"2-9,11-19",D4-405
20251,TDDT,163114,163114,ET3280,Anten và truyền sóng,2(2-0-1-4),ĐTVT-K68S,1,Mon,1015-1145,5,6,Sáng,"2-9,11-19",D4-405
20251,TDDT,163115,163115,ET2060,Tín hiệu và hệ thống,3(3-1-0-6),ĐTVT-K68S,1,Wed,0645-1005,1,4,Sáng,"2-9,11-19",D4-404
20251,TDDT,163116,163116,ET2060,Tín hiệu và hệ thống,3(3-1-0-6),ĐTVT-K68S,1,Mon,0645-1005,1,4,Sáng,"2-9,11-19",D4-502
20251,TDDT,163117,163117,ET2060,Tín hiệu và hệ thống,3(3-1-0-6),ĐTVT-K68S,1,Mon,1015-1145,5,6,Sáng,"2-9,11-19",D4-502
20251,TDDT,163117,163117,ET2060,Tín hiệu và hệ thống,3(3-1-0-6),ĐTVT-K68S,2,Wed,1015-1145,5,6,Sáng,"2-9,11-19",D4-502
20251,TDDT,163118,163118,ET2060,Tín hiệu và hệ thống,3(3-1-0-6),ĐTVT-K68S,1,Wed,0645-1005,1,4,Sáng,"2-9,11-19",D4-502
20251,TDDT,163119,163119,ET2060,Tín hiệu và hệ thống,3(3-1-0-6),ĐTVT-K68C,1,Thu,1410-1730,3,6,Chiều,"2-9,11-19",D4-304
20251,TDDT,163120,163120,ET4020,Xử lý tín hiệu số,3(3-0-1-6),ĐTVT-K68S,1,Thu,0920-1145,4,6,Sáng,"2-9,11-19",D4-406
20251,TDDT,163121,163121,ET4020,Xử lý tín hiệu số,3(3-0-1-6),ĐTVT-K68S,1,Thu,0645-0910,1,3,Sáng,"2-9,11-19",D4-405
20251,TDDT,163122,163122,ET4020,Xử lý tín hiệu số,3(3-0-1-6),ĐTVT-K68C,1,Fri,1505-1730,4,6,Chiều,"2-9,11-19",D8-505
20251,TDDT,163123,163123,ET3220,Điện tử số,3(3-0-1-6),ĐTVT-K68S,1,Tue,0645-0910,1,3,Sáng,"2-9,11-19",D4-504
20251,TDDT,163124,163124,ET3220,Điện tử số,3(3-0-1-6),ĐTVT-K68S,1,Tue,0920-1145,4,6,Sáng,"2-9,11-19",D4-504
20251,TDDT,163125,163125,ET3220,Điện tử số,3(3-0-1-6),ĐTVT-K68S,1,Wed,0645-0910,1,3,Sáng,"2-9,11-19",D4-305
20251,TDDT,163126,163126,ET3220,Điện tử số,3(3-0-1-6),ĐTVT-K68S,1,Wed,0920-1145,4,6,Sáng,"2-9,11-19",D4-306
20251,TDDT,163127,163127,ET3220,Điện tử số,3(3-0-1-6),ĐTVT-K68S,1,Fri,0645-0910,1,3,Sáng,"2-9,11-19",D4-306
20251,TDDT,163128,163128,ET3220,Điện tử số,3(3-0-1-6),ĐTVT-K68S,1,Fri,0920-1145,4,6,Sáng,"2-9,11-19",D4-306
20251,TDDT,163129,163129,ET3230,Điện tử tương tự I,3(3-0-1-6),ĐTVT-K68S,1,Tue,0920-1145,4,6,Sáng,"2-9,11-19",D4-406
20251,TDDT,163130,163130,ET3230,Điện tử tương tự I,3(3-0-1-6),ĐTVT-K68S,1,Tue,0645-0910,1,3,Sáng,"2-9,11-19",D4-405
20251,TDDT,163131,163131,ET3230,Điện tử tương tự I,3(3-0-1-6),ĐTVT-K68S,1,Wed,0920-1145,4,6,Sáng,"2-9,11-19",D4-305
20251,TDDT,163132,163132,ET3230,Điện tử tương tự I,3(3-0-1-6),ĐTVT-K68S,1,Wed,0645-0910,1,3,Sáng,"2-9,11-19",D4-306
20251,TDDT,163133,163133,ET3230,Điện tử tương tự I,3(3-0-1-6),ĐTVT-K68S,1,Fri,0920-1145,4,6,Sáng,"2-9,11-19",D4-405
20251,TDDT,163134,163134,ET3210,Trường điện từ,3(3-0-1-6),ĐTVT-K68S,1,Tue,0645-0910,1,3,Sáng,"2-9,11-19",D4-406
20251,TDDT,163135,163135,ET3210,Trường điện từ,3(3-0-1-6),ĐTVT-K68S,1,Tue,0920-1145,4,6,Sáng,"2-9,11-19",D4-405
20251,TDDT,163136,163136,ET3210,Trường điện từ,3(3-0-1-6),ĐTVT-K68S,1,Thu,0645-0910,1,3,Sáng,"2-9,11-19",D4-406
20251,TDDT,163137,163137,ET3210,Trường điện từ,3(3-0-1-6),ĐTVT-K68S,1,Thu,0920-1145,4,6,Sáng,"2-9,11-19",D4-405
20251,TDDT,163138,163138,ET3210,Trường điện từ,3(3-0-1-6),ĐTVT-K68S,1,Fri,0645-0910,1,3,Sáng,"2-9,11-19",D4-405
20251,TDDT,163139,163139,ET3260,Kỹ thuật phần mềm ứng dụng,2(2-1-0-4),ĐTVT-K68S,1,Tue,0920-1145,4,6,Sáng,"2-9,11-19",D4-204
20251,TDDT,163140,163140,ET3260,Kỹ thuật phần mềm ứng dụng,2(2-1-0-4),ĐTVT-K68S,1,Tue,0645-0910,1,3,Sáng,"2-9,11-19",D4-204
20251,TDDT,163141,163141,ET3260,Kỹ thuật phần mềm ứng dụng,2(2-1-0-4),ĐTVT-K68S,1,Fri,0920-1145,4,6,Sáng,"2-9,11-19",D4-204
20251,TDDT,163142,163142,ET3260,Kỹ thuật phần mềm ứng dụng,2(2-1-0-4),ĐTVT-K68S,1,Fri,0645-0910,1,3,Sáng,"2-9,11-19",D4-204
20251,TDDT,163143,163143,ET3260,Kỹ thuật phần mềm ứng dụng,2(2-1-0-4),ĐTVT-K68C,1,Mon,1505-1730,4,6,Chiều,"2-9,11-19",D4-304
20251,TDDT,163144,163144,ET2050,Lý thuyết mạch,3(3-0-1-6),ĐTVT-K68C,1,Mon,1230-1455,1,3,Chiều,"2-9,11-19",D8-505
20251,TDDT,163145,163145,ET2050,Lý thuyết mạch,3(3-0-1-6),ĐTVT-K68C,1,Mon,1505-1730,4,6,Chiều,"2-9,11-19",D8-505
20251,TDDT,163146,163146,ET2050,Lý thuyết mạch,3(3-0-1-6),ĐTVT-K68C,1,Fri,1230-1455,1,3,Chiều,"2-9,11-19",D8-505
20251,TDDT,163147,163147,ET2022,Technical Writing and Presentation,3(2-2-0-6),ĐTVT - Y sinh-K68C,1,Tue,1230-1550,1,4,Chiều,"2-9,11-19",TC-513
20251,TDDT,163148,163148,ET2022,Technical Writing and Presentation,3(2-2-0-6),ĐTVT - Y sinh-K68C,1,Tue,1600-1730,5,6,Chiều,"2-9,11-19",TC-513
20251,TDDT,163148,163148,ET2022,Technical Writing and Presentation,3(2-2-0-6),ĐTVT - Y sinh-K68C,2,Thu,1230-1400,1,2,Chiều,"2-9,11-19",TC-513
20251,TDDT,163149,163149,ET2022,Technical Writing and Presentation,3(2-2-0-6),ĐTVT - Y sinh-K68C,1,Thu,1410-1730,3,6,Chiều,"2-9,11-19",TC-513
20251,TDDT,163150,163150,ET2022,Technical Writing and Presentation,3(2-2-0-6),ĐTVT - Y sinh-K68C,1,Mon,1600-1730,5,6,Chiều,"2-9,11-19",D9-406
20251,TDDT,163150,163150,ET2022,Technical Writing and Presentation,3(2-2-0-6),ĐTVT - Y sinh-K68C,2,Wed,1230-1400,1,2,Chiều,"2-9,11-19",D9-407
20251,TDDT,163151,163151,ET2022,Technical Writing and Presentation,3(2-2-0-6),ĐTVT - Y sinh-K68S,1,Mon,0645-1005,1,4,Sáng,"2-9,11-19",D3-403
20251,TDDT,163152,163152,ET2022,Technical Writing and Presentation,3(2-2-0-6),ĐTVT - Y sinh-K68S,1,Mon,1015-1145,5,6,Sáng,"2-9,11-19",D3-403
20251,TDDT,163152,163152,ET2022,Technical Writing and Presentation,3(2-2-0-6),ĐTVT - Y sinh-K68S,2,Wed,1015-1145,5,6,Sáng,"2-9,11-19",D3-403
20251,TDDT,163153,163153,ET2022,Technical Writing and Presentation,3(2-2-0-6),ĐTVT - Y sinh-K68S,1,Wed,0645-1005,1,4,Sáng,"2-9,11-19",D3-403
20251,TDDT,163154,163154,ET3231,Điện tử tương tự,3(3-0-1-6),Y sinh-K68S,1,Tue,0920-1145,4,6,Sáng,"2-9,11-19",D3-404
20251,TDDT,163156,163156,ET3167,Cấu trúc dữ liệu y sinh,2(2-1-0-4),Y sinh-K68S,1,Wed,0920-1145,4,6,Sáng,"2-9,11-19",D3-404
20251,TDDT,163157,163157,ET3168,Phương pháp thống kê dữ liệu y sinh,3(3-1-0-6),Y sinh-K68S,1,Fri,0645-1005,1,4,Sáng,"2-9,11-19",D7-503
20251,TDDT,163159,163159,ET4457,Giải phẫu và sinh lý,3(3-1-0-6),Y sinh-K68S,1,Thu,0730-1455,2,3,Sáng,"2-9,11-19",D3-404
20251,TDDT,163159,163159,ET4457,Giải phẫu và sinh lý,3(3-1-0-6),Y sinh-K68S,2,Fri,1015-1145,5,6,Sáng,"2-9,11-19",D7-503
20251,TDDT,163160,163160,ET3046,Cơ sinh,3(2-1-1-6),Y sinh-K68S,1,Mon,0645-0910,1,3,Sáng,"2-9,11-19",D3-404
20251,TDDT,163161,163161,ET3046,Cơ sinh,3(2-1-1-6),Y sinh-K68S,1,Mon,0920-1145,4,6,Sáng,"2-9,11-19",D3-404
20251,TDDT,163162,163162,ET3300,Kỹ thuật vi xử lý,3(3-0-1-6),ĐTVT-K67S,1,Mon,0645-0910,1,3,Sáng,"2-9,11-19",D8-406
20251,TDDT,163163,163163,ET3300,Kỹ thuật vi xử lý,3(3-0-1-6),ĐTVT-K67S,1,Mon,0920-1145,4,6,Sáng,"2-9,11-19",D8-408
20251,TDDT,163164,163164,ET3300,Kỹ thuật vi xử lý,3(3-0-1-6),ĐTVT-K67S,1,Fri,0645-0910,1,3,Sáng,"2-9,11-19",D8-408
20251,TDDT,163165,163165,ET3250,Thông tin số,3(3-0-1-6),ĐTVT-K67S,1,Mon,0645-0910,1,3,Sáng,"2-9,11-19",D8-408
20251,TDDT,163166,163166,ET3250,Thông tin số,3(3-0-1-6),ĐTVT-K67S,1,Mon,0920-1145,4,6,Sáng,"2-9,11-19",D8-406
20251,TDDT,163167,163167,ET3250,Thông tin số,3(3-0-1-6),ĐTVT-K67S,1,Fri,0920-1145,4,6,Sáng,"2-9,11-19",D8-408
20251,TDDT,163168,163168,ET4361,Hệ thống nhúng và thiết kế giao tiếp nhúng,3(2-1-1-6),ĐTVT-K67S,1,Thu,0645-0910,1,3,Sáng,"2-9,11-19",D8-503
20251,TDDT,163169,163169,ET4361,Hệ thống nhúng và thiết kế giao tiếp nhúng,3(2-1-1-6),ĐTVT-K67S,1,Thu,0920-1145,4,6,Sáng,"2-9,11-19",D8-505
20251,TDDT,163170,163170,ET3241,Điện tử tương tự II,2(2-0-1-4),ĐTVT-K67S,1,Thu,0645-0910,1,3,Sáng,"2-9,11-19",D8-505
20251,TDDT,163171,163171,ET3241,Điện tử tương tự II,2(2-0-1-4),ĐTVT-K67S,1,Thu,0920-1145,4,6,Sáng,"2-9,11-19",D8-503
20251,TDDT,163172,163172,ET3241,Điện tử tương tự II,2(2-0-1-4),ĐTVT-K67S,1,Fri,0645-0910,1,3,Sáng,"2-9,11-19",D9-504
20251,TDDT,163173,163173,ET4230,Mạng máy tính,3(3-0-1-6),ĐTVT-K67S,1,Fri,0920-1145,4,6,Sáng,"2-9,11-19",D9-504
20251,TDDT,163174,163174,ET4250,Hệ thống viễn thông,3(3-1-0-6),ĐTVT-K67S,1,Tue,0825-1145,3,6,Sáng,"2-9,11-19",D9-304
20251,TDDT,163175,163175,ET4250,Hệ thống viễn thông,3(3-1-0-6),ĐTVT-K67S,1,Wed,0825-1145,3,6,Sáng,"2-9,11-19",D9-304
20251,TDDT,163176,163176,ET4250,Hệ thống viễn thông,3(3-1-0-6),ĐTVT-K67C,1,Mon,1230-1550,1,4,Chiều,"2-9,11-19",D3-405
20251,TDDT,163177,163177,ET4250,Hệ thống viễn thông,3(3-1-0-6),ĐTVT-K67C,1,Wed,1230-1550,1,4,Chiều,"2-9,11-19",D3-405
20251,TDDT,163178,163178,ET3310,Lý thuyết mật mã,3(3-0-1-6),ĐTVT-K67C,1,Mon,1230-1455,1,3,Chiều,"2-9,11-19",D4-305
20251,TDDT,163179,163179,ET3310,Lý thuyết mật mã,3(3-0-1-6),ĐTVT-K67C,1,Mon,1505-1730,4,6,Chiều,"2-9,11-19",D4-306
20251,TDDT,163180,163180,ET3310,Lý thuyết mật mã,3(3-0-1-6),ĐTVT-K67C,1,Wed,1230-1455,1,3,Chiều,"2-9,11-19",D4-305
20251,TDDT,163181,163181,ET3310,Lý thuyết mật mã,3(3-0-1-6),ĐTVT-K67C,1,Wed,1505-1730,4,6,Chiều,"2-9,11-19",D4-306
20251,TDDT,163182,163182,ET4070,Cơ sở truyền số liệu,3(3-0-1-6),ĐTVT-K67C,1,Mon,1505-1730,4,6,Chiều,"2-9,11-19",D4-305
20251,TDDT,163183,163183,ET4070,Cơ sở truyền số liệu,3(3-0-1-6),ĐTVT-K67C,1,Mon,1230-1455,1,3,Chiều,"2-9,11-19",D4-306
20251,TDDT,163184,163184,ET4070,Cơ sở truyền số liệu,3(3-0-1-6),ĐTVT-K67C,1,Wed,1505-1730,4,6,Chiều,"2-9,11-19",D4-305
20251,TDDT,163185,163185,ET4070,Cơ sở truyền số liệu,3(3-0-1-6),ĐTVT-K67C,1,Wed,1230-1455,1,3,Chiều,"2-9,11-19",D4-306
20251,TDDT,163186,163186,ET4340,Thiết kế VLSI,3(3-1-0-6),ĐTVT-K67C,1,Tue,1230-1550,1,4,Chiều,"2-9,11-19",D4-306
20251,TDDT,163187,163187,ET4340,Thiết kế VLSI,3(3-1-0-6),ĐTVT-K67C,1,Thu,1410-1730,3,6,Chiều,"2-9,11-19",D4-306
20251,TDDT,163188,163188,ET4291,Hệ điều hành,3(3-1-0-6),ĐT-MT-K67C,1,Tue,1230-1550,1,4,Chiều,"2-9,11-19",D4-305
20251,TDDT,163189,163189,ET4291,Hệ điều hành,3(3-1-0-6),ĐT-MT-K67C,1,Tue,1600-1730,5,6,Chiều,"2-9,11-19",D4-305
20251,TDDT,163189,163189,ET4291,Hệ điều hành,3(3-1-0-6),ĐT-MT-K67C,2,Thu,1230-1400,1,2,Chiều,"2-9,11-19",D4-305
20251,TDDT,163190,163190,ET4291,Hệ điều hành,3(3-1-0-6),ĐT-MT-K67C,1,Thu,1410-1730,3,6,Chiều,"2-9,11-19",D4-305
20251,TDDT,163191,163191,ET3180,Thông tin vô tuyến,3(3-0-1-6),TT-TT-K67C,1,Fri,1230-1455,1,3,Chiều,"2-9,11-19",D7-503
20251,TDDT,163192,163192,ET3180,Thông tin vô tuyến,3(3-0-1-6),TT-TT-K67C,1,Fri,1505-1730,4,6,Chiều,"2-9,11-19",D7-503
20251,TDDT,163193,163193,ET4358,Cơ sở công nghệ vi điện tử,3(3-0-1-6),Thiết kế vi mạch-K67C,1,Fri,1230-1455,1,3,Chiều,"2-9,11-19",D9-407
20251,TDDT,163194,163194,ET4358,Cơ sở công nghệ vi điện tử,3(3-0-1-6),Thiết kế vi mạch-K67C,1,Fri,1505-1730,4,6,Chiều,"2-9,11-19",D9-407
20251,TDDT,163195,163195,ET4033,Thiết kế IC tương tự,3(3-1-0-6),Thiết kế vi mạch-K67C,1,Tue,1600-1730,5,6,Chiều,"2-9,11-19",D4-306
20251,TDDT,163195,163195,ET4033,Thiết kế IC tương tự,3(3-1-0-6),Thiết kế vi mạch-K67C,2,Thu,1230-1400,1,2,Chiều,"2-9,11-19",D4-306
20251,TDDT,163196,163196,ET4033,Thiết kế IC tương tự,3(3-1-0-6),Thiết kế vi mạch-K67C,1,Thu,1410-1730,3,6,Chiều,"2-9,11-19",D4-206
20251,TDDT,163197,163197,ET4356,Kiểm chứng và kiểm tra vi mạch,3(3-0-0-6),Thiết kế vi mạch-K67C,1,Sat,1505-1730,4,6,Chiều,"2-9,11-19",D3-403
20251,TDDT,163198,163198,ET4356,Kiểm chứng và kiểm tra vi mạch,3(3-0-0-6),Thiết kế vi mạch-K67C,1,Sat,1230-1455,1,3,Chiều,"2-9,11-19",D3-403
20251,TDDT,163199,163199,ET4111,Kỹ thuật đo lường y sinh,3(3-0-1-6),Y sinh-K67C,1,Wed,1230-1455,1,3,Chiều,"2-9,11-19",D8-501
20251,TDDT,163200,163200,ET4121,Thiết bị điện tử y sinh I,3(3-0-1-6),Y sinh - MĐ 1-K67C,1,Wed,1505-1730,4,6,Chiều,"2-9,11-19",D8-501
20251,TDDT,163201,163201,ET4235,IoT trong y tế,3(3-1-0-6),Y sinh - MĐ 1-K67C,1,Mon,1410-1730,3,6,Chiều,"2-9,11-19",D8-401
20251,TDDT,163202,163202,ET4471,Mạch xử lý tín hiệu y sinh,3(2-1-1-6),Y sinh - MĐ 1-K67C,1,Thu,1230-1455,1,3,Chiều,"2-9,11-19",D8-401
20251,TDDT,163203,163203,ET4480,Công nghệ chẩn đoán hình ảnh I,3(3-1-0-6),Y sinh - MĐ 1-K67C,1,Mon,1230-1400,1,2,Chiều,"2-9,11-19",D8-401
20251,TDDT,163203,163203,ET4480,Công nghệ chẩn đoán hình ảnh I,3(3-1-0-6),Y sinh - MĐ 1-K67C,2,Thu,1505-1645,4,5,Chiều,"2-9,11-19",D8-401
20251,TDDT,163209,163209,ET4041,Kiến trúc máy tính,2(2-0-1-4),KSCS - ĐTVT-S,1,Mon,0730-1455,2,3,Sáng,"2-9,11-19",D9-503
20251,TDDT,163210,163210,ET5035,Quản trị dự án,2(2-1-0-4),KSCS - ĐTVT-S,1,Mon,0920-1145,4,6,Sáng,"2-9,11-19",D9-503
20251,TDDT,163211,163211,ET4032,Thiết kế IC tương tự,2(2-1-0-4),KSCS - ĐTVT - MĐ 1-S,1,Wed,0645-0910,1,3,Sáng,"2-9,11-19",C7-130
20251,TDDT,163212,163212,ET6210,Các hệ thống thời gian thực,2(2-1-0-4),KSCS - ĐTVT - MĐ 1-S,1,Wed,0920-1145,4,6,Sáng,"2-9,11-19",C7-130
20251,TDDT,163213,163213,ET4060,Phân tích và thiết kế hướng đối tượng,3(3-1-0-6),KSCS - ĐTVT - MĐ 2-S,1,Fri,0645-1005,1,4,Sáng,"2-9,11-19",D7-502
20251,TDDT,163214,163214,ET4245,Trí tuệ nhân tạo và ứng dụng,3(3-1-0-6),KSCS - ĐTVT - MĐ 2-S,1,Thu,1015-1145,5,6,Sáng,"2-9,11-19",D7-501
20251,TDDT,163214,163214,ET4245,Trí tuệ nhân tạo và ứng dụng,3(3-1-0-6),KSCS - ĐTVT - MĐ 2-S,2,Fri,1015-1145,5,6,Sáng,"2-9,11-19",D7-502
20251,TDDT,163215,163215,ET4430,Lập trình nâng cao,2(2-1-0-4),KSCS - ĐTVT - MĐ 2-S,1,Wed,0920-1145,4,6,Sáng,"2-9,11-19",D8-305
20251,TDDT,163216,163216,ET6231,Lập trình song song,2(2-1-0-4),KSCS - ĐTVT - MĐ 2-S,1,Wed,0645-0910,1,3,Sáng,"2-9,11-19",D8-305
20251,TDDT,163284,163284,EE2090,Kỹ thuật Điện và Điều khiển quá trình,2(2-0-1-4),KT Hoá học-K68S,1,Fri,0645-0815,1,2,Sáng,"2-9,11-19",D9-103
20251,TDDT,163285,163285,EE2090,Kỹ thuật Điện và Điều khiển quá trình,2(2-0-1-4),KT Hoá học-K68S,1,Fri,0825-1005,3,4,Sáng,"2-9,11-19",D9-103
20251,TDDT,163286,163286,EE2090,Kỹ thuật Điện và Điều khiển quá trình,2(2-0-1-4),KT Hoá học-K68S,1,Fri,1015-1145,5,6,Sáng,"2-9,11-19",D9-103
20251,TDDT,163287,163287,EE2090,Kỹ thuật Điện và Điều khiển quá trình,2(2-0-1-4),KT Hoá học-K68C,1,Wed,1230-1400,1,2,Chiều,"2-9,11-19",D8-104
20251,TDDT,163288,163288,EE2090,Kỹ thuật Điện và Điều khiển quá trình,2(2-0-1-4),KT Hoá học-K68C,1,Tue,1230-1400,1,2,Chiều,"2-9,11-19",D7-203
20251,TDDT,163431,163431,EE2012,Kỹ thuật điện,2(2-1-0-4),Sinh học - Thực phẩm-K69S,1,Wed,0645-0910,1,3,Sáng,"2-9,11-19",D9-104
20251,TDDT,163432,163432,EE2012,Kỹ thuật điện,2(2-1-0-4),Sinh học - Thực phẩm-K69S,1,Wed,0920-1145,4,6,Sáng,"2-9,11-19",D9-104
20251,TDDT,163433,163433,EE2012,Kỹ thuật điện,2(2-1-0-4),Sinh học - Thực phẩm-K69S,1,Thu,0645-0910,1,3,Sáng,"2-9,11-19",D9-104
20251,TDDT,163434,163434,EE2012,Kỹ thuật điện,2(2-1-0-4),Sinh học - Thực phẩm-K69S,1,Thu,0920-1145,4,6,Sáng,"2-9,11-19",D9-104
20251,TDDT,163435,163435,EE2012,Kỹ thuật điện,2(2-1-0-4),Sinh học - Thực phẩm-K69S,1,Mon,0645-0910,1,3,Sáng,"2-9,11-19",D9-202
20251,TDDT,163436,163436,EE2012,Kỹ thuật điện,2(2-1-0-4),Sinh học - Thực phẩm-K69S,1,Mon,0920-1145,4,6,Sáng,"2-9,11-19",D9-202
20251,TDDT,163568,163568,EE4256,Tự động hóa và điều khiển trong kỹ thuật môi trường,2(2-1-0-4),CN Môi trường-K67S,1,Thu,0645-0910,1,3,Sáng,"2-9,11-19",D9-107
20251,TDDT,163723,163723,EE2012,Kỹ thuật điện,2(2-1-0-4),Vật lý-K69C,1,Mon,1230-1455,1,3,Chiều,"2-9,11-19",D3-406
20251,TDDT,163724,163724,EE2012,Kỹ thuật điện,2(2-1-0-4),Vật lý-K69C,1,Mon,1505-1730,4,6,Chiều,"2-9,11-19",D3-504
20251,TDDT,163725,163725,EE2012,Kỹ thuật điện,2(2-1-0-4),Vật lý-K69C,1,Thu,1230-1455,1,3,Chiều,"2-9,11-19",D3-406
20251,TDDT,163726,163726,EE2012,Kỹ thuật điện,2(2-1-0-4),Vật lý-K69C,1,Thu,1505-1730,4,6,Chiều,"2-9,11-19",D3-504
20251,TDDT,163727,163727,EE2012,Kỹ thuật điện,2(2-1-0-4),Vật lý-K69C,1,Fri,1230-1455,1,3,Chiều,"2-9,11-19",D3-504
20251,TDDT,163738,163738,ET2010,Kỹ thuật điện tử,3(3-0-1-6),Vật lý-K69C,1,Fri,1505-1730,4,6,Chiều,"2-9,11-19",D3-504
20251,TDDT,163801,163801,EE2010,Kỹ thuật điện,3(2-1-1-6),Vật liệu-K69C,1,Mon,1230-1455,1,3,Chiều,"2-9,11-19",D4-502
20251,TDDT,163802,163802,EE2010,Kỹ thuật điện,3(2-1-1-6),Vật liệu-K69C,1,Mon,1505-1730,4,6,Chiều,"2-9,11-19",D4-503
20251,TDDT,163803,163803,EE2010,Kỹ thuật điện,3(2-1-1-6),Vật liệu-K69C,1,Thu,1230-1455,1,3,Chiều,"2-9,11-19",D4-502
20251,TDDT,163804,163804,EE2010,Kỹ thuật điện,3(2-1-1-6),Vật liệu-K69C,1,Thu,1505-1730,4,6,Chiều,"2-9,11-19",D4-503
20251,TDDT,163827,163827,EE2090,Kỹ thuật Điện và Điều khiển quá trình,2(2-0-1-4),Polyme-K69C,1,Thu,1315-1455,2,3,Chiều,"2-9,11-19",D4-405
20251,TDDT,163828,163828,EE2090,Kỹ thuật Điện và Điều khiển quá trình,2(2-0-1-4),Polyme-K69C,1,Thu,1505-1645,4,5,Chiều,"2-9,11-19",D4-406
20251,TDDT,163913,163913,EE2016,"Kỹ thuật điện, điện tử",3(3-1-0-6),KT in -K68S,1,Tue,0645-1005,1,4,Sáng,"2-9,11-19",D8-402
20251,TDDT,163930,163930,EE2012,Kỹ thuật điện,2(2-1-0-4),Dệt May-K69C,1,Tue,1230-1455,1,3,Chiều,"2-9,11-19",D3-504
20251,TDDT,163931,163931,EE2012,Kỹ thuật điện,2(2-1-0-4),Dệt May-K69C,1,Tue,1505-1730,4,6,Chiều,"2-9,11-19",D3-504
20251,TDDT,163986,163986,EE3468,Hệ thống cung cấp điện,3(3-1-0-6),QL năng lượng-K69C,1,Fri,1410-1730,3,6,Chiều,"2-9,11-19",D9-303
20251,TDDT,164070,164070,EE3012,"Năng lượng tái tạo: Công nghệ, thị trường và chính sách phát triển",3(3-1-0-6),Kinh tế công nghiệp-K67C,1,Wed,1410-1730,3,6,Chiều,"2-9,11-19",D8-402
20251,TDDT,164237,164237,ET3262,Tư duy công nghệ và thiết kế kỹ thuật,2(1-2-0-4),Bổ trợ-K68S,1,Tue,0645-0910,1,3,Sáng,"2-9,11-19",
20251,TDDT,164238,164238,ET3262,Tư duy công nghệ và thiết kế kỹ thuật,2(1-2-0-4),Bổ trợ-K68S,1,Tue,0920-1145,4,6,Sáng,"2-9,11-19",
20251,TDDT,164239,164239,ET3262,Tư duy công nghệ và thiết kế kỹ thuật,2(1-2-0-4),Bổ trợ-K68S,1,Thu,0645-0910,1,3,Sáng,"2-9,11-19",
20251,TDDT,164240,164240,ET3262,Tư duy công nghệ và thiết kế kỹ thuật,2(1-2-0-4),Bổ trợ-K68S,1,Thu,0920-1145,4,6,Sáng,"2-9,11-19",
20251,TDDT,164241,164241,ET3262,Tư duy công nghệ và thiết kế kỹ thuật,2(1-2-0-4),Bổ trợ-K68S,1,Sat,0645-0910,1,3,Sáng,"2-9,11-19",D3-402
20251,TDDT,164242,164242,ET3262,Tư duy công nghệ và thiết kế kỹ thuật,2(1-2-0-4),Bổ trợ-K68S,1,Sat,0920-1145,4,6,Sáng,"2-9,11-19",D3-402
20251,TDDT,164243,164243,ET3262,Tư duy công nghệ và thiết kế kỹ thuật,2(1-2-0-4),Bổ trợ-K68C,1,Mon,1230-1455,1,3,Chiều,"2-9,11-19",
20251,TDDT,164244,164244,ET3262,Tư duy công nghệ và thiết kế kỹ thuật,2(1-2-0-4),Bổ trợ-K68C,1,Mon,1505-1730,4,6,Chiều,"2-9,11-19",
20251,TDDT,164245,164245,ET3262,Tư duy công nghệ và thiết kế kỹ thuật,2(1-2-0-4),Bổ trợ-K68C,1,Wed,1230-1455,1,3,Chiều,"2-9,11-19",
20251,TDDT,164246,164246,ET3262,Tư duy công nghệ và thiết kế kỹ thuật,2(1-2-0-4),Bổ trợ-K68C,1,Wed,1505-1730,4,6,Chiều,"2-9,11-19",
20251,TDDT,164247,164247,ET3262,Tư duy công nghệ và thiết kế kỹ thuật,2(1-2-0-4),Bổ trợ-K68C,1,Fri,1230-1455,1,3,Chiều,"2-9,11-19",
20251,TDDT,164248,164248,ET3262,Tư duy công nghệ và thiết kế kỹ thuật,2(1-2-0-4),Bổ trợ-K68C,1,Fri,1505-1730,4,6,Chiều,"2-9,11-19",
